Divipola,Municipios,Departamentos ,Cobertura de viviendas con servicio de acueducto - Cabecera Municipal,Cobertura de viviendas con servicio de alcantarillado - Cabecera Municipal,Cobertura de viviendas con servicio de Energía eléctrica - Cabecera Municipal,Cobertura de viviendas con servicio de Conexión a gas - Cabecera Municipal,Cobertura de viviendas con servicio de Recoleccion de basuras - Cabecera Municipal,Cobertura de viviendas con servicio de Telefonia - Cabecera Municipal,Asistencia a centro educativo de 0 - 17 años
5001,Medellin,ANTIOQUIA,88.61,86.05,89.57,39.12,89.56,74.96,18.69
5002,Abejorral,ANTIOQUIA,39.19,38.58,39.6,0.12,39.52,15.79,14.94
5004,Abriaquí,ANTIOQUIA,28.84,29.03,29.03,0.19,29.03,9.11,19.85
5021,Alejandría,ANTIOQUIA,57.38,56.55,56.64,0,57.38,13.85,17.31
5030,Amagá ,ANTIOQUIA,41.31,41.2,41.53,0.6,41.87,21.45,16.56
5031,Amalfi,ANTIOQUIA,52.56,50.84,54.71,0.26,55.41,12.16,19.58
5034,Andes,ANTIOQUIA,42.74,40.81,44.39,1.04,44.37,10.98,16.72
5036,Angelópolis,ANTIOQUIA,40.93,30.59,41.7,0.06,41.57,11.49,17.99
5038,Angostura,ANTIOQUIA,20.51,19.25,20.83,0.11,20.37,6.53,15.04
5040,Anorí,ANTIOQUIA,35.8,26.86,37.52,0.05,37.1,8.52,16.87
5042,Santafé de Antioquia,ANTIOQUIA,60.1,58.96,59.37,1.14,60.11,30.52,17.33
5044,Anzá ,ANTIOQUIA,20.13,19.53,20.03,0.05,20.53,5.15,18.7
5045,Apartadó,ANTIOQUIA,75.59,80.24,80.73,3.53,81.45,17.63,18.47
5051,Arboletes,ANTIOQUIA,32.65,26.61,33.81,0.72,30.26,4.96,22.74
5055,Argelia,ANTIOQUIA,38.99,31.74,39.88,0.19,38.66,7.67,19
5059,Armenia,ANTIOQUIA,27.76,27.2,27.52,0.08,27.52,10.15,14.93
5079,Barbosa,ANTIOQUIA,39.05,35.85,44.1,22.75,43.75,37.32,17.47
5086,Belmira,ANTIOQUIA,29.28,28.2,30.87,0,30.08,13.23,20.06
5088,Bello,ANTIOQUIA,90.01,87.87,95.41,49.04,95.23,77.75,15.97
5091,Betania,ANTIOQUIA,41.17,40.73,41.97,0.56,41.73,9.99,15.58
5093,Betulia,ANTIOQUIA,28.18,27.07,28.52,0.18,28.61,7.56,18.09
5101,Bolívar,ANTIOQUIA,62.84,50.56,63.69,0.81,63.76,24.19,14.95
5107,Briceño,ANTIOQUIA,30.73,30.68,32.33,0.9,32.48,3.55,17.94
5113,Buriticá ,ANTIOQUIA,24.04,22.81,23.92,0.19,23.11,5.87,19.67
5120,Cáceres,ANTIOQUIA,23.66,12.09,24.34,0.17,19.76,2.05,18.86
5125,Caicedo,ANTIOQUIA,18.75,18.38,18.59,0,18.85,4.42,18.31
5129,Caldas,ANTIOQUIA,62.26,58.12,63.63,28.67,63.69,56.19,14.73
5134,Campamento,ANTIOQUIA,25.56,24.06,25.56,0.21,23.69,6.74,18.06
5138,Cañasgordas,ANTIOQUIA,30.23,26.28,30.42,0.24,29.58,10.49,18.87
5142,Caracolí,ANTIOQUIA,61.78,45.05,62.28,0.21,59.36,23.49,16.54
5145,Caramanta,ANTIOQUIA,46.11,44.68,46.18,0.07,45.7,17.8,14.94
5147,Carepa,ANTIOQUIA,65.24,64.61,65.93,0.73,66.47,10.88,19.55
5148,Carmen de Viboral,ANTIOQUIA,60.46,59.12,60.44,1.39,57.81,35.97,17.03
5150,Carolina,ANTIOQUIA,79.2,77.61,79.2,0.37,79.2,37.59,15.96
5154,Caucasia,ANTIOQUIA,72.5,64.34,81.44,18.97,78.53,8.45,17.36
5172,Chigorodó,ANTIOQUIA,56.93,83.52,85.88,2.24,86.98,15.28,19.74
5190,Cisneros,ANTIOQUIA,74.49,55.29,81.85,16.34,73.47,20.8,18.37
5197,Cocorná,ANTIOQUIA,30.99,33.08,33.87,0.22,33.94,5.01,21.69
5206,Concepción,ANTIOQUIA,38.41,37.94,38.18,0.08,37.86,17.83,15.97
5209,Concordia,ANTIOQUIA,43.05,40.76,44.14,0.11,44.09,12.8,16.91
5212,Copacabana,ANTIOQUIA,77.12,76.24,77.49,40.01,77.63,66.33,15.45
5234,Dabeiba,ANTIOQUIA,45.86,47.03,46.87,0.07,47.55,10.45,20.3
5237,Don Matías,ANTIOQUIA,64.59,63.79,64.87,5.87,64.82,32.63,17.14
5240,Ebejico,ANTIOQUIA,13.48,12.87,13.48,0,13.36,5.41,16.23
5250,El Bagre,ANTIOQUIA,53.94,10.6,58.22,0.23,49.26,2.33,16.54
5264,Entrerríos,ANTIOQUIA,50.45,50.26,50.77,5.24,50.65,17.5,18.9
5266,Envigado,ANTIOQUIA,94.37,94.32,94.39,62.68,94.43,89.73,14.5
5282,Fredonia,ANTIOQUIA,41.71,40.8,42.56,0.19,42.26,21.06,16.12
5284,Frontino,ANTIOQUIA,45.86,44.7,45.33,0.44,46.05,16.16,17.72
5306,Giraldo,ANTIOQUIA,26.9,21.34,26.98,0.44,26.54,9.17,19.28
5308,Girardota,ANTIOQUIA,53.57,53.4,53.59,41.83,53.58,48.27,17.29
5310,Gómez Plata,ANTIOQUIA,48.99,47.4,49.03,0.04,48.95,23.84,18.16
5313,Granada,ANTIOQUIA,49.23,49.65,49.73,0.08,49.96,10.54,21.57
5315,Guadalupe,ANTIOQUIA,34.43,32.57,35.43,0.06,35.11,12.62,17.58
5318,Guarne,ANTIOQUIA,38.72,38.42,38.94,9.6,38.8,31.19,15.98
5321,Guatape,ANTIOQUIA,70.67,70.61,70.61,12.58,70.61,32.02,19.74
5347,Heliconia,ANTIOQUIA,34.16,29.33,34.57,0.35,34.28,13.55,16.95
5353,Hispania,ANTIOQUIA,68.25,68.4,68.25,0.46,68.71,18.17,18.26
5360,Itaguí,ANTIOQUIA,88.16,88.04,88.23,57.63,88.27,81.14,16.47
5361,Ituango,ANTIOQUIA,27.37,26.88,27.61,0.05,27.21,9.67,18.58
5364,Jardín,ANTIOQUIA,56.8,56.2,56.83,0.69,57.07,21.11,16.01
5368,Jericó,ANTIOQUIA,61.11,60.13,61.46,1.74,61.52,23.01,18.34
5376,La Ceja,ANTIOQUIA,82.72,82.67,82.85,11.29,82.95,55.32,21.31
5380,La Estrella,ANTIOQUIA,82.05,79.37,87.32,26.93,87.63,78.44,14.94
5390,La Pintada,ANTIOQUIA,87.88,80.02,87.37,0.28,88.35,18.53,16.11
5400,La Unión,ANTIOQUIA,55.38,55.25,55.27,11.44,55.36,36.81,18.17
5411,Liborina,ANTIOQUIA,24.69,24.46,24.5,0.08,24.54,10.76,19.7
5425,Maceo,ANTIOQUIA,36.75,36.62,37.59,0.49,37.28,13.76,17.64
5440,Marinilla,ANTIOQUIA,69.37,66.67,69.49,15.03,69.37,41.8,18.93
5467,Montebello,ANTIOQUIA,26.35,25.04,25.88,0.47,26.29,10.61,15.56
5475,Murindó,ANTIOQUIA,0.16,0.16,45.16,0.31,45.31,5.78,21.27
5480,Mutatá ,ANTIOQUIA,18.48,18.73,22.77,0,23.69,4.23,22.79
5483,Nariño,ANTIOQUIA,29.3,28.97,28.93,0.04,29.23,4.85,20.22
5490,Necoclí,ANTIOQUIA,21.93,17.06,21.92,0.18,21.99,4.31,19.49
5495,Nechi,ANTIOQUIA,47.56,0.2,50.33,0.1,45.2,5.82,16.1
5501,Olaya,ANTIOQUIA,7.38,5.44,7.26,0.12,5.8,2.3,17.17
5541,Peñol,ANTIOQUIA,53.59,52.16,53.67,8.32,52.78,20.33,17.33
5543,Peque,ANTIOQUIA,23.3,22.7,22.64,0.81,21.48,7.6,19.66
5576,Pueblorrico,ANTIOQUIA,47.02,43.88,48.7,0.96,48.75,14.16,18.37
5579,Puerto Berrío,ANTIOQUIA,83.3,60.26,86.64,30.98,83.87,24.57,16.15
5585,Puerto Nare,ANTIOQUIA,33.26,28.97,33.13,0.25,32.98,6.81,17.71
5591,Puerto Triunfo,ANTIOQUIA,19.57,16.61,19.46,0.02,18.99,3.06,18.08
5604,Remedios,ANTIOQUIA,44.69,29.56,45.09,0.22,42.6,7.04,16.88
5607,Retiro,ANTIOQUIA,55.01,55.06,55.08,11.81,55.33,42.97,18.26
5615,Rionegro,ANTIOQUIA,61.85,60.5,61.83,14.48,61.95,43.48,19.27
5628,Sabanalarga,ANTIOQUIA,28.88,11.76,28.79,0.34,27.87,4.35,19.28
5631,Sabaneta,ANTIOQUIA,76.44,76.46,76.51,49.97,76.52,73.21,16.52
5642,Salgar,ANTIOQUIA,35.91,33.2,38.43,0.16,38.57,10.24,16.43
5647,San Andres,ANTIOQUIA,39.89,38.26,40.44,0.12,39.16,10.29,17.46
5649,San Carlos,ANTIOQUIA,51.59,49.87,51.34,0.17,51.74,9.44,21.15
5652,San Francisco,ANTIOQUIA,47.3,46.94,47,1.64,47.43,6.54,22.62
5656,San Jerónimo,ANTIOQUIA,33.95,29.24,33.89,0.87,34.01,17.19,16.94
5658,San Jose Montaña,ANTIOQUIA,71.3,57.1,74.38,0.7,73.98,23.93,21.44
5659,San Juan de Urabá ,ANTIOQUIA,23.22,20.49,33.12,0.27,28.27,3.98,23.46
5660,San Luis,ANTIOQUIA,47,46.82,47.72,0.29,47.51,12.52,19.73
5664,San Pedro,ANTIOQUIA,48.31,48.18,48.41,6.21,48.44,17.2,18.63
5665,San Pedro de Urabá ,ANTIOQUIA,36.79,27.84,37.23,0.12,36.52,5.53,17.99
5667,San Rafael,ANTIOQUIA,53.91,51.36,54.36,0.31,54.27,14.62,21.17
5670,San Roque,ANTIOQUIA,29.63,28.61,29.51,0.07,29.81,5.37,15.9
5674,San Vicente,ANTIOQUIA,25.63,24.26,25.59,0.15,25.07,10.76,17.57
5679,Santa Bárbara,ANTIOQUIA,41.05,40.68,41.15,0.31,41.12,14.64,15.55
5686,Sta Rosa de Osos,ANTIOQUIA,49.4,45.59,49.49,5.44,49.29,21.95,18.67
5690,Santo Domingo,ANTIOQUIA,23.27,21.54,24.08,0.07,23.98,7.22,17.33
5697,Santuario,ANTIOQUIA,71.98,70.96,71.99,34.05,72.09,45.85,17.6
5736,Segovia,ANTIOQUIA,57.15,10.6,82.98,0.14,81.76,10.86,14.88
5756,Sonsón,ANTIOQUIA,42.38,40.56,43.23,2.12,43.44,14.19,16.53
5761,Sopetrán,ANTIOQUIA,34.06,31.6,33.21,0.18,34.34,14.22,15.53
5789,Támesis,ANTIOQUIA,42.36,40.22,42.65,0.13,42.16,17.17,17.93
5790,Tarazá,ANTIOQUIA,41.93,36.69,49.84,0.5,52.74,2.31,16.31
5792,Tarso,ANTIOQUIA,55.67,52.74,55.27,0.2,55.74,12.68,18.55
5809,Titiribí,ANTIOQUIA,41.97,41.29,42.21,0.04,42.33,16.34,16.07
5819,Toledo,ANTIOQUIA,27.46,25.98,27.88,0.07,27.39,4.85,19.99
5837,Turbo,ANTIOQUIA,26.25,12.7,37.45,0.61,33.7,8.32,18.11
5842,Uramita,ANTIOQUIA,31.96,29.2,30.38,0.06,31.29,3.72,16.84
5847,Urrao,ANTIOQUIA,50.85,51.61,52.82,0.17,53.9,11.3,18.99
5854,Valdivia,ANTIOQUIA,25.86,23.3,25.64,0.05,26.54,3.04,16.65
5856,Valparaiso,ANTIOQUIA,58.06,57,58.43,0.37,58.99,19.85,16.94
5858,Vegachí,ANTIOQUIA,61.37,60.98,60.62,0.15,61.76,11.78,20.3
5861,Venecia,ANTIOQUIA,41.25,38.7,41.14,0.23,41.31,17.35,14.81
5873,Vig¡a del Fuerte,ANTIOQUIA,26.32,0.16,32.22,0.11,32.11,3.88,22.21
5885,Yalí,ANTIOQUIA,47.49,44.95,47.43,0.32,46.89,12.64,20.48
5887,Yarumal,ANTIOQUIA,64.25,63.9,66.5,4.02,65.93,26.79,17.59
5890,Yolombó,ANTIOQUIA,33.23,19.15,33.15,0.09,32.73,11.58,16.44
5893,Yondó,ANTIOQUIA,46.27,42.39,48.96,44.77,49.36,5.49,17.45
5895,Zaragoza,ANTIOQUIA,47.62,36.4,53.24,1.19,46.53,10.51,20.04
8001,Barranquilla,ATLANTICO,99.21,96.1,99.97,82.66,99.06,16.89,12.27
8078,Baranoa,ATLANTICO,75.6,1.21,82.43,66.86,75.24,5,19.55
8137,Campo de la Cruz,ATLANTICO,86.68,3.51,88.98,60.12,23.02,6.16,19.52
8141,Candelaria,ATLANTICO,65.5,2.2,75.06,57.71,33.44,2.36,23.56
8296,Galapa,ATLANTICO,70.96,15.68,89.92,59.25,87.02,9.5,20.72
8372,Juan de Acosta,ATLANTICO,58.78,0.15,62.78,48.75,53.25,3.22,19.41
8421,Luruaco,ATLANTICO,40.69,0.04,48.24,29.64,29.79,1.39,23.21
8433,Malambo,ATLANTICO,92.55,71.41,95.5,76.94,87.34,15.17,20.76
8436,MANATI,ATLANTICO,58.92,0.3,91.23,69.18,59.96,8.13,21.3
8520,Palmar de Varela,ATLANTICO,91.29,0.4,97.68,80.51,78.71,2.62,20.28
8549,Piojo,ATLANTICO,42.25,0,44.95,32.15,36.32,0.62,19.16
8558,Polonuevo,ATLANTICO,66.33,0.18,89.5,72.91,71.82,2.96,20.12
8560,Ponedera,ATLANTICO,63.74,7.75,64.32,55.43,19.24,1.25,18.74
8573,Puerto Colombia,ATLANTICO,75.25,65.03,84.5,64.73,78.54,12.32,20.2
8606,REPELON,ATLANTICO,65.86,0.19,67.56,30.73,35.65,2.13,20.58
8634,Sabanagrande,ATLANTICO,91.98,86.06,95.17,66.17,89.27,5.69,19.73
8638,Sabanalarga,ATLANTICO,39.35,11.39,71.38,11.95,12.86,0.7,21.51
8675,Santa Lucía,ATLANTICO,83.9,22.35,90.11,42.05,35.31,0.2,23.09
8685,Santo Tomás,ATLANTICO,85.79,62.51,93.15,73.52,84.37,12.99,17.99
8758,Soledad,ATLANTICO,96.95,83.35,99.51,86.02,82.58,14.54,11.06
8770,SUAN,ATLANTICO,96.1,1.24,95.64,71.38,78.62,6.17,18.73
8832,TUBARA,ATLANTICO,48.7,0.05,56.95,43.74,41.87,1.59,19.88
8849,USIACURI,ATLANTICO,83.59,0.41,88.45,69.37,63.51,4.86,18.25
11001,BOGOTA D.C.,BOGOTA,99.39,99.18,99.63,84.17,99.58,58.15,20.25
13001,Cartagena,BOLIVAR,84.27,68.24,88.76,71.77,85.62,14.21,19.06
13006,Achí,BOLIVAR,17.56,0.04,17.68,0,0.04,0.06,23.23
13030,Altos del Rosario,BOLIVAR,28.72,0.21,38.49,0.16,0.32,0.05,21.88
13042,Arenal,BOLIVAR,39.57,0.09,55.71,0,54.47,0.04,20.7
13052,Arjona,BOLIVAR,48.07,1.03,79.76,59.05,15.56,3.79,20.27
13062,Arroyohondo,BOLIVAR,47.71,0.3,56.28,5.24,24.3,0.3,18.51
13074,Barranco de Loba,BOLIVAR,25.59,0.22,31.8,0.03,0.03,0.17,21.41
13140,Calamar,BOLIVAR,50.03,0.39,53.48,40.51,12.45,1.44,20.68
13160,Cantagallo,BOLIVAR,41.28,38.5,47.83,30.13,41.55,0.8,19.41
13188,Cicuco,BOLIVAR,62.22,0.13,63.85,32.5,0.77,0.26,20.92
13212,Córdoba,BOLIVAR,28.72,0.05,29.3,0.11,26.12,0.35,24.09
13222,Clemencia,BOLIVAR,50.32,0.2,80.42,45.41,36.88,0.81,21.37
13244,Carmén de Bolívar,BOLIVAR,0.29,0.06,71.35,51.6,65.16,1.91,16.26
13248,El Guamo,BOLIVAR,52.22,0.13,54.57,0,38.52,5.46,17.97
13268,El Peñon,BOLIVAR,34.91,0.19,35.35,0,0.68,0.44,26.01
13300,Hatillo de Loba,BOLIVAR,23.49,0.45,23.83,0.04,1.88,0.08,26.47
13430,Magangue,BOLIVAR,54.27,19.35,62.04,50.21,43.57,2.26,16.3
13433,Mahates,BOLIVAR,35.27,0.12,38.06,0.97,0.06,1.38,19.82
13440,Margarita,BOLIVAR,12.89,0.67,19.86,0.09,0.13,2.38,21.01
13442,Maria la Baja,BOLIVAR,7.4,0.16,45.88,29.16,18.99,1.87,20.79
13458,Montecristo,BOLIVAR,31.88,0.04,36.16,0.04,0.12,0,21.02
13468,Mompós,BOLIVAR,52.84,14.81,53.41,27.97,16.23,5.56,16.09
13473,Morales,BOLIVAR,28.97,21.8,29.38,0.21,24.54,1.53,19.23
13490,Norosi,BOLIVAR,27.72,0.13,31.02,0,0.06,0,15.3
13549,Pinillos,BOLIVAR,11.22,6.92,13.05,0.05,0.05,0.38,22.56
13580,Regidor,BOLIVAR,42.62,0,42.77,0.15,22.84,0.1,16.87
13600,Río Viejo,BOLIVAR,49.74,28.44,55.16,0.18,44.93,0.62,19.98
13620,San Cristobal,BOLIVAR,66.81,0.14,69.96,18.95,32.7,0.14,21.71
13647,San Estanislao,BOLIVAR,62.97,0.03,71.18,59.58,6.97,1.52,17.71
13650,San Fernando,BOLIVAR,21.58,10.65,21.42,0.04,0.08,0.65,21.73
13654,San Jacinto,BOLIVAR,0.18,0.25,86.62,61.96,0.66,0.64,19.42
13655,San Jacinto de Cauca,BOLIVAR,20.49,0,22.9,0,0.33,0.04,20.39
13657,San Juan Nepomuceno,BOLIVAR,23.61,0.14,70.25,55.58,5.47,4.56,17.76
13667,San Martín de Loba,BOLIVAR,35.42,21.85,43.08,0.1,0.31,1.57,23.77
13670,San Pablo,BOLIVAR,51.41,31.16,61.64,43.78,48.75,2.58,17.88
13673,Santa Catalina,BOLIVAR,31.73,0.06,40.23,29.87,0.13,0.1,24.24
13683,Santa Rosa,BOLIVAR,0.79,0.71,91.85,65.5,60.56,2.82,21
13688,Sta Rosa del Sur,BOLIVAR,34.67,33.43,35.19,0.19,34.88,3.39,19.16
13744,Simití,BOLIVAR,27.6,0.07,28.53,0,27.6,1.82,21.57
13760,Soplaviento,BOLIVAR,95.47,0.19,98.94,9.73,37.11,0.19,17.35
13780,Talaigua Nuevo,BOLIVAR,49.36,9.21,50.07,31.65,19.33,2.88,23.46
13810,Tiquisio,BOLIVAR,25.37,0.05,25.9,0,0.99,0.05,21.04
13836,Turbaco,BOLIVAR,43.05,5.91,90.32,75.98,57.86,12.82,19.64
13838,Turbaná,BOLIVAR,41.31,26.21,79.61,57.16,25.37,2.25,21.48
13873,Villanueva,BOLIVAR,43.11,0.05,87.36,55.15,39.88,1.92,22.13
13894,Zambrano,BOLIVAR,88.92,0.09,88.83,0.81,39.87,0.4,22.32
15001,Tunja,BOYACA,90.97,90.44,91.35,68.76,91.3,11.85,24.15
15022,Almeida,BOYACA,9.61,9.43,9.61,0.18,9.61,1.25,16.47
15047,Aquitania,BOYACA,25.29,24.96,25.24,0.16,24.8,0.61,18.28
15051,Arcabuco,BOYACA,35.14,34.75,35.14,12.82,34.98,3.32,20
15087,Belen,BOYACA,49.55,49.19,49.23,40.97,48.69,7.54,17.89
15090,Berbeo,BOYACA,20.07,17.91,19.57,6.63,17.74,0.33,18.24
15092,Beteitiva,BOYACA,12.75,10.17,12.75,0,11.46,0,16.28
15097,Boavita,BOYACA,39.1,38.88,38.93,0.11,38.99,3.62,18.09
15104,Boyacá,BOYACA,9.79,8.73,9.44,0.07,9.16,0.28,18.18
15106,Briceño,BOYACA,15.94,15.94,15.64,14.14,15.79,1.2,19.84
15109,Buenavista,BOYACA,12.97,12.71,12.77,0,12.9,0,19.72
15114,BUSBANZA,BOYACA,31.89,31.5,31.1,0,31.89,0,18.05
15131,Caldas,BOYACA,4.67,4.56,4.67,3.26,4.02,0,19.97
15135,Campohermoso,BOYACA,20.46,20.35,20.46,0.55,20.46,0.11,15.67
15162,Cerinza,BOYACA,34.53,34.25,34.44,27.62,33.24,2.21,19.75
15172,Chinavita,BOYACA,33.98,31.45,33.5,0.1,32.23,4.59,17.16
15176,CHIQUINQUIRA,BOYACA,77,76.86,77,54.83,76.94,2.81,19.84
15180,Chiscas,BOYACA,21.86,21.68,21.86,0.09,21.68,1.04,17.35
15183,Chita,BOYACA,14.39,13.57,14.06,0.04,13.69,0.41,24.02
15185,Chitaraque,BOYACA,18.11,17.81,18.11,9.05,18.23,1.67,17.16
15187,Chivatá ,BOYACA,11.6,10.6,11.75,0.14,10.74,0.29,17.62
15189,Cienega,BOYACA,22.59,21.72,22.35,1.18,21.09,0,17.19
15204,Combita,BOYACA,9.12,8.69,9,6.46,8.65,0.7,17.83
15212,Coper,BOYACA,15.88,15.98,16.36,0,15.59,0.48,17.4
15215,Corrales,BOYACA,65.44,63.09,64.56,0.15,63.09,11.32,18.16
15218,Covarachia,BOYACA,13.37,13.24,12.98,0,13.37,0,16.22
15223,Cubara,BOYACA,48.56,47.7,48.88,0.21,48.34,1.82,16.32
15224,Cucaita,BOYACA,31.94,29.85,31.28,7.6,29.52,0.22,17.39
15226,Cuitiva,BOYACA,8.3,7.35,8.57,0.14,7.48,0.14,17.29
15232,Chiquiza,BOYACA,4.14,2.91,4.06,0.08,3.45,0,19.01
15236,Chivor,BOYACA,23.9,23.27,22.64,0,23.48,0.84,19.27
15238,Duitama,BOYACA,82.29,81.9,83.53,56.27,82.02,8.04,21.66
15244,El Cocuy,BOYACA,51.02,49.75,50.59,0,49.58,4.16,19.9
15248,El Espino,BOYACA,42.62,41.49,42.28,0.11,39.57,3.04,18.54
15272,Firavitoba,BOYACA,36.31,35.51,36.09,0.26,29.02,4.8,16.16
15276,Floresta,BOYACA,26.09,24.87,26.09,15.57,18.91,2.93,15.05
15293,Gachantivá,BOYACA,11.24,10.79,11.46,0,11.24,0.45,17.22
15296,Gámeza,BOYACA,25.62,24.77,25.47,0.31,23.14,1.71,19.26
15299,Garagoa,BOYACA,67.66,67.28,67.21,9.11,67.31,8.09,18.53
15317,Guacamayas,BOYACA,27.6,27.03,27.6,0,27.22,1.32,16.22
15322,Guateque,BOYACA,65.47,63.28,64.98,1.19,64.21,9.61,18.67
15325,Guayatá ,BOYACA,24.72,24.56,24.4,0.32,24.32,4.59,15.39
15332,Guican,BOYACA,35.16,34.94,35.16,0,34.83,3.54,19.8
15362,Iza,BOYACA,49.82,47.79,49.08,0.18,48.15,3.14,17.13
15367,Jenesano,BOYACA,15.15,14.78,15.04,0.26,14.93,0.69,17.99
15368,Jericó,BOYACA,16.64,15.79,16.35,0,16.54,0.09,16.14
15377,Labranzagrande,BOYACA,28.5,27.97,28.29,0.1,28.18,0.84,14
15380,La Capilla,BOYACA,0,0,0,0,0,0,17.58
15401,La Victoria,BOYACA,24.07,24.29,24.07,0,23.85,0,18.09
15403,La Uvita,BOYACA,33.74,33.33,33.33,0.3,33.43,2.74,17.9
15407,Villa de Leiva,BOYACA,51.13,49.4,51.02,26.84,50.75,5.01,21.85
15425,Macanal,BOYACA,16.91,16.69,16.91,0.22,16.62,2.72,17.63
15442,MARIPI,BOYACA,8.88,8.36,8.83,0.05,8.67,0,20.51
15455,Miraflores,BOYACA,51.7,50.84,51.23,24.27,51.82,5.21,18.56
15464,Mongua,BOYACA,36.99,33.43,36.55,0,29.28,2.67,17.09
15466,Monguí,BOYACA,52.7,47.62,52.62,0.16,46.15,5.49,20.59
15469,Moniquirá ,BOYACA,42.21,40.6,42.07,12.35,41.46,2.88,17.7
15476,Motavita,BOYACA,5.38,5.53,5.83,4.28,4.94,0.15,14.89
15480,Muzo,BOYACA,51.2,49.63,57.42,0.11,56.9,0.94,21.84
15491,Nobsa,BOYACA,48.23,47.7,47.85,37.01,47.53,3.87,22.27
15494,Nuevo Colón,BOYACA,14.24,13.63,14.04,0.4,13.77,0.94,19.11
15500,Oicata,BOYACA,3.33,2.87,3.33,2.72,3.33,0,20.49
15507,Otanche,BOYACA,35.86,34.98,37.46,0.15,37.93,1.24,19.21
15511,Pachavita,BOYACA,15.05,14.24,15.05,0,14.47,2.22,14.71
15514,Paez,BOYACA,35.01,34.17,34.65,4.18,33.81,0.96,16.05
15516,Paipa,BOYACA,55.64,53.48,55.94,41.22,53,4.84,22.49
15518,Pajarito,BOYACA,39.14,35.94,40.89,0,35.94,1.12,17.26
15522,Panqueba,BOYACA,34.41,34.41,34.12,0.15,33.38,0.44,20.35
15531,Pauna,BOYACA,23.21,23.11,23.36,0,23.21,0.2,20.89
15533,Paya,BOYACA,20.45,18.22,21.56,0,21.38,0,19.72
15537,Paz de Rio,BOYACA,58.23,58.09,57.8,0.28,56.95,10.57,18.56
15542,Pesca,BOYACA,31.85,31.32,31.61,0.05,30.74,1.74,17.02
15550,Pisba,BOYACA,25.36,25.36,25.36,0,24.95,0,23.05
15572,PUERTO BOYACA,BOYACA,61.04,55.13,61.68,38.79,59.31,2.84,18.49
15580,Quipama,BOYACA,22.53,21.81,24.37,0.06,24.91,0.12,22.57
15599,Ramiriquí,BOYACA,35.35,33.77,35.28,0.6,34.04,1.02,20.2
15600,Ráquira,BOYACA,29.54,25.2,29.94,9.93,27.59,2.45,20.49
15621,Rondón,BOYACA,15.99,4.22,17.43,0.18,16.44,0.18,18.43
15632,Saboya,BOYACA,4.43,4.15,4.4,0,3.93,0.44,18.38
15638,Sachica,BOYACA,46.86,44.61,46.49,35.43,45.36,2.72,19.04
15646,Sámaca,BOYACA,29.47,27.96,29.72,21.87,28.84,2.6,21.43
15660,San Eduardo,BOYACA,38.22,37.88,36.87,18.52,37.21,0.84,22.62
15664,San Jose de Pare,BOYACA,10.62,9.83,10.62,0.36,8.74,1.23,16.5
15667,San Luis Gaceno,BOYACA,39.38,37.31,38.6,0.06,38.77,1.23,18.31
15673,San Mateo,BOYACA,30.89,30.73,30.81,0.08,30.33,2.9,19.25
15676,San Miguel Sema,BOYACA,11.98,11.88,11.78,0.6,11.98,1.4,15.6
15681,San Pablo Borbur,BOYACA,8.61,7.82,8.56,0.1,8.45,0.68,19.83
15686,Santana,BOYACA,30.76,29.73,30.67,9.58,30.29,2.66,20.25
15690,Santa María,BOYACA,50.36,45.93,50.09,0.09,49.82,3.16,17.95
15693,Sta Rosa Vitervo,BOYACA,47.01,46.09,46.87,35.12,46,1.87,19.39
15696,Santa Sofia,BOYACA,23.28,21.69,23.05,15.82,21.47,3.5,18.17
15720,Sativanorte,BOYACA,23.07,22.18,22.69,0.25,22.94,1.52,16.39
15723,Sativasur,BOYACA,19.19,18.11,18.65,0,18.65,1.35,19.03
15740,Siachoque,BOYACA,15.8,15.64,15.64,0.05,15.43,0.05,21.57
15753,Soata,BOYACA,62.74,61.13,62.58,0.29,62.62,13.96,18.92
15755,Socota,BOYACA,13.73,13.48,13.73,0.15,13.43,0.49,17.25
15757,Socha,BOYACA,45.93,45.45,45.83,0.05,45.49,4.36,17.19
15759,Sogamoso,BOYACA,82.31,80.99,82.09,41.3,80.94,9.67,19.84
15761,Somondoco,BOYACA,21.11,20.67,21.33,0,21.11,2,15.7
15762,Sora,BOYACA,14.06,13.32,13.62,6,11.86,1.02,17.7
15763,Sotaquirá ,BOYACA,9.35,8.08,8.91,0.05,8.28,0.34,19.07
15764,Soraca,BOYACA,0,0,0,0,0,0,18.02
15774,Susacón,BOYACA,21.15,20.56,20.8,0,20.92,2,16.35
15776,Sutamarchan,BOYACA,23.43,22.68,23.16,15.92,23.02,3.69,18.8
15778,Sutatenza,BOYACA,13.05,12.76,13.33,0.93,12.47,1.51,16.32
15790,Tasco,BOYACA,26.87,25.58,26.68,0.14,26.01,2.26,17.77
15798,Tenza,BOYACA,23.22,23.14,23.76,0.15,23.3,3.02,15.63
15804,Tibana,BOYACA,17.06,16.54,17.02,0.91,16.5,2.02,18.56
15806,Tibasosa,BOYACA,32.72,31.71,32.8,18.52,32.06,4.55,20
15808,Tinjacá ,BOYACA,15.52,13.3,17.73,8.5,14.78,1.97,17.39
15810,Tipacoque,BOYACA,20.96,18.08,20.77,0,20.48,1.54,17.27
15814,Toca,BOYACA,36.53,35.48,36.57,0.17,35.39,0.87,17.76
15816,Togui,BOYACA,12.99,12.35,12.83,8.26,12.27,1.52,19.72
15820,Topaga,BOYACA,27.08,25.81,26.88,0,21.51,0.29,21.64
15822,Tota,BOYACA,9.1,8.81,8.95,0.14,8.81,0.21,20.68
15832,Tunungua,BOYACA,13.67,13.19,13.67,13.43,13.67,0,18.33
15835,Turmeque,BOYACA,30.16,27.95,30.31,0.55,28.85,2.27,17.28
15837,Tuta,BOYACA,20.7,20.17,20.66,15.65,20.04,2.19,19.69
15839,Tutasa,BOYACA,6.5,5.54,5.74,0,5.35,0.19,17.3
15842,Umbita,BOYACA,11.56,11.1,11.61,0,11.28,0.79,18.02
15861,Ventaquemada,BOYACA,11.15,10.02,11.18,1.48,9.33,0.74,19
15879,Viracacha,BOYACA,14.13,13.39,14.03,0.11,12.11,0,20.47
15897,Zetaquira,BOYACA,19.24,18.96,19.1,2.31,18.54,0.42,18.32
17001,Manizales,CALDAS,87.26,87.12,87.84,50.78,87.83,40.63,17.28
17013,Aguadas,CALDAS,48.15,47.78,47.96,0.11,48,8.53,16.23
17042,Anserma,CALDAS,54.6,54.69,54.77,4.02,54.78,21.15,14.76
17050,Aranzazu,CALDAS,58.99,58.9,59.38,0.03,59.44,10.07,17.96
17088,Belalcázar,CALDAS,47.54,46.42,47.72,3.32,47.42,5.27,17.89
17174,Chinchiná ,CALDAS,84.96,85.09,85.46,53.77,85.45,26.99,17.35
17272,Filadelfia,CALDAS,38.04,37.97,38.11,1.15,37.97,6.11,15.78
17380,La Dorada,CALDAS,89.06,88.29,89.4,56.18,88.89,13.7,19.57
17388,La Merced,CALDAS,33.46,33.03,33.88,0.12,32.54,0.8,15.67
17433,Manzanares,CALDAS,36.64,38.22,47.97,23.36,46.12,1.74,15.99
17442,Marmato,CALDAS,17.33,17.14,18.01,0.1,17.24,1.49,16.73
17444,Marquetalia,CALDAS,44.04,41.51,44.56,0.22,44.01,2.37,16.62
17446,Marulanda,CALDAS,31.25,31.39,30.83,0,30.69,3.06,14.98
17486,Neira,CALDAS,45.03,44.91,45.18,26.44,44.87,11.13,13.15
17495,Norcasia,CALDAS,65.12,61.59,64.96,0.05,65.54,2.94,19.6
17513,Pácora,CALDAS,44.94,48.04,48.88,0.07,48.39,8.09,15.86
17524,Palestina,CALDAS,35.38,35.24,35.42,18.64,35.56,8.56,16.32
17541,Pensilvania,CALDAS,36.67,36.72,37.32,1.02,37.12,4.41,18.33
17614,Riosucio,CALDAS,77.68,77.91,78.67,2.19,76.51,19.56,16.63
17616,Risaralda,CALDAS,43.29,43.03,43.78,2.2,43.48,5.38,16.07
17653,Salamina,CALDAS,59.54,59.76,60.16,0.18,60.02,11.67,15.3
17662,Samaná ,CALDAS,25.56,23.06,26.06,0.02,26.17,0.87,19.13
17665,San José,CALDAS,29.84,29.44,29.68,1.45,29.84,3.55,16.69
17777,Supía,CALDAS,63.31,61.99,63.24,0.06,63.35,8.46,16.87
17867,Victoria,CALDAS,45.09,42.45,46.86,36.42,46.34,9.26,17.52
17873,Villamaría,CALDAS,76.91,76.6,77.68,36.54,77.38,25.98,17.82
17877,Viterbo,CALDAS,86.37,86.37,86.31,2.21,86.37,35.61,17.91
18001,Florencia,CAQUETA,85.57,71.78,87.58,22.8,88.22,15.59,17.98
18029,Albania,CAQUETA,38.44,38.23,37.63,0.27,38.44,0.94,14.93
18094,Belen Andaquíes,CAQUETA,56.77,52.91,55.02,0.16,57.95,2.17,18.72
18150,Cartagena Chaira,CAQUETA,34.52,27.33,34.19,0.1,34.95,1.05,17.06
18205,Curillo,CAQUETA,60.26,58.2,63.18,0.24,65.03,0.75,22.2
18247,El Doncello,CAQUETA,66.34,62.27,63.68,0.12,66.37,1.97,18.26
18256,El Paujil,CAQUETA,44.9,42.98,44.18,0.04,44.86,2.24,17.77
18410,La Montañita,CAQUETA,15.26,14.66,14.69,0.14,15.26,0.6,18.76
18460,MILAN,CAQUETA,13.64,12.71,12.98,0.16,13.68,0.04,19.43
18479,Morelia,CAQUETA,54.89,52.9,52.52,0.19,54.8,3.61,17.62
18592,Puerto Rico,CAQUETA,45.64,41.63,44.66,0.46,45.81,0.94,18.83
18610,San Jose de Fragua,CAQUETA,45.67,43.22,43.37,0.06,46.07,0.49,19.61
18753,SAN VICENTE CAGUAN,CAQUETA,39.31,22.87,38.93,0.07,39.17,1.58,17.33
18756,Solano,CAQUETA,21.11,19.59,20.67,0.12,20.77,0.15,20.33
18785,Solita,CAQUETA,52.17,49.1,48.78,0.32,51.91,0.11,20.79
18860,Valparaiso,CAQUETA,33.29,31.24,31.66,0.32,33.8,0.51,21.1
19001,Popayán,CAUCA,72.45,68.76,73.3,9.58,72.92,16.18,15.81
19022,Almaguer,CAUCA,8.7,7.04,8.2,0,0.05,0.3,14.06
19050,Argelia,CAUCA,8.8,8.12,9.11,0.04,8.52,0.06,15.09
19075,Balboa,CAUCA,25.78,22.22,25.7,0.07,25.25,0.21,17.13
19100,Bolívar,CAUCA,10.48,8.27,11.06,0.07,10.36,0.6,12.77
19110,Buenos Aires,CAUCA,4.47,4.01,4.46,0.09,0.13,0.35,18.26
19130,Cajibío,CAUCA,5.36,5.06,5.39,0.04,5.26,0.4,13.93
19137,Caldono,CAUCA,7.71,3.99,7.2,0,0.34,0.48,16.76
19142,Caloto,CAUCA,33.24,31.02,33.05,0.14,31.81,3.29,18.08
19212,Corinto,CAUCA,64,62.89,63.87,3.79,63.42,4.52,19.34
19256,El Tambo,CAUCA,5.67,5.01,5.69,0.06,5.4,0.35,14.61
19290,Florencia,CAUCA,17.72,16.99,17.14,0,17.28,0.44,18.1
19300,Guachene,CAUCA,26.7,22.69,27.79,0.27,26.29,1.8,19.08
19318,Guapi,CAUCA,11.78,16.59,49.61,0.16,24.66,5.17,22.57
19355,Inzá ,CAUCA,5.7,5.23,9.79,0.08,5.3,0,20.63
19392,Jambaló,CAUCA,16.04,10.08,15.73,0.1,0.74,0,14.13
19397,La Sierra,CAUCA,5.94,6.02,6.5,0.03,4.55,0,15.28
19418,La Vega,CAUCA,1.02,7.49,12.82,0.05,11.14,0.58,27.44
19450,López de Micay,CAUCA,33.17,21.73,31.65,0.02,30.49,2.88,17.73
19455,Mercaderes,CAUCA,64.84,63.94,64.81,3.18,64.93,3.53,17.5
19473,Miranda,CAUCA,11.12,10.5,11.34,0.05,11.15,0.71,17.13
19513,Morales,CAUCA,43.04,41.98,42.91,0.42,42.49,4.3,18.67
19517,Padilla,CAUCA,19.61,18.83,23.71,0,18.15,0.23,22.58
19532,Paez,CAUCA,35.17,32.77,34.76,0.15,32.08,3.8,16.93
19533,Patía(El Bordo),CAUCA,23.39,15.73,20.16,0.14,23.07,0.18,18.22
19548,Piamonte,CAUCA,36.09,31.25,35.26,0.11,29.88,1.28,15.03
19573,Piendamó,CAUCA,85.69,82.31,86.4,18.94,76.56,3.29,19.95
19585,Puerto Tejada,CAUCA,10.45,10.2,17.33,0.08,7.99,0.25,15.66
19622,Purace,CAUCA,8.91,8.07,9.11,0.1,8.64,0.64,14.77
19693,Rosas,CAUCA,2.17,1.91,2.01,0,0.62,0.05,17.36
19698,San Sebastián,CAUCA,54.44,52.58,55.5,11.22,53.97,10.36,17.59
19701,Santander de Quilichao,CAUCA,17.73,15.45,19.03,0.08,17.73,0.23,18.78
19743,Santa Rosa,CAUCA,55.25,51.42,55.42,0.83,54.42,8.33,14.75
19760,Silvia,CAUCA,6.36,6.31,6.1,0,6.1,0.26,15
19780,Sotara,CAUCA,25.16,25.21,29.35,0.32,25.19,0.27,17.47
19785,Suárez,CAUCA,15.85,13.76,15.55,0.04,16.74,0,18.15
19807,Sucre,CAUCA,31.42,27.9,30.65,0.16,30.19,0.39,14.92
19809,TIMBIO,CAUCA,2.31,12.27,26.76,0.15,18.43,1.07,20.32
19821,Timbiquí,CAUCA,97.5,100,100,0,100,20,20.42
19824,Toribío,CAUCA,14.09,15.25,16.65,0.12,15.83,0.35,17.39
19845,Totoró,CAUCA,48.47,65.54,70.55,16.43,66.74,3.28,20.31
20001,Villarrica,CAUCA,85.1,78.97,87.13,72.08,83.82,17.01,20.77
20011,Valledupar,CESAR,82.22,77.44,84.34,53.02,83.3,7.4,17.71
20013,Agustin Codazzi,CESAR,72.57,53.65,72.82,36.93,62.79,6.77,20.26
20032,Astrea,CESAR,42.69,23.16,46.13,0.19,3.1,2.2,24.18
20045,Becerril,CESAR,72.57,59.08,74.15,52.24,60.73,3.98,22.56
20060,Bosconia,CESAR,88.63,73.68,90.95,5.11,56.32,4.9,15.72
20175,Chimichagua,CESAR,34.85,18.92,37.24,0.17,7.69,2.28,26.67
20178,Chiriguaná ,CESAR,60.27,45.05,60.67,36.68,42.91,6.45,25.39
20228,Curumaní,CESAR,62.8,54.42,63.66,39.78,52.24,4.2,20.32
20238,El Copey,CESAR,70.17,16.16,70.54,0.61,18,2.47,21.38
20250,El Paso,CESAR,17.23,11.42,18.11,0.16,1.87,1.46,21.74
20295,Gamarra,CESAR,61.11,19.28,61.14,38.34,35.17,2.39,22.24
20310,González,CESAR,31.08,22.15,31.08,0.38,25.86,3.23,17.93
20383,La Gloria,CESAR,40.61,18.72,40.88,22.78,22.21,2.46,16.68
20400,La Jagua Ibirico,CESAR,71.31,59.14,74.65,41.76,38.29,3.93,21.85
20443,Manaure B. Cesar,CESAR,64.85,42.77,64.53,15.15,60.37,8.05,19.28
20517,Pailitas,CESAR,66.57,62.67,68.16,44.3,64.28,3.5,21.83
20550,Pelaya,CESAR,65.29,31.8,65.89,38.57,10.1,3.05,17.8
20570,Pueblo Bello,CESAR,48.84,28.55,49.53,0.12,44,2.24,23.71
20614,Rio de Oro,CESAR,41.43,39.94,42.91,0.29,41.8,10.44,17.61
20621,La Paz,CESAR,49.94,46.48,53.96,39.54,49.33,6.84,22.45
20710,San Alberto,CESAR,70.91,67.32,73.63,49.47,73.51,5.21,19.3
20750,San Diego,CESAR,53.88,52.25,54.05,38.68,50.23,6.29,21.7
20770,San Martín,CESAR,48.86,45.09,49.79,3.63,48.9,2.65,17.36
20787,Tamalameque,CESAR,40.66,23.83,41.21,25.62,0.72,4.84,29.28
23001,Montería,CORDOBA,60.48,0.72,70.73,27.8,64.06,4.51,12.37
23068,Ayapel,CORDOBA,7.17,14.72,55.91,24.64,23.79,2.34,19.2
23079,Buenavista,CORDOBA,35.24,22,39.57,18.87,29.77,2.6,23.28
23090,Canalete,CORDOBA,21.7,4.6,21.74,0.49,19.78,0.32,23.31
23162,Cerete,CORDOBA,45.01,12.79,50.01,23.77,23.49,3.61,18.11
23168,Chimá ,CORDOBA,14.03,9.71,19.96,14.41,6.89,1.52,20.56
23182,Chinú,CORDOBA,48.12,38.35,49.15,41.09,40.28,3.04,19.05
23189,Cienaga de Oro,CORDOBA,33.58,11.86,37.28,24.8,17.21,5.12,18.76
23300,Cotorra,CORDOBA,31.7,0,34.57,21.94,3.5,0.61,22.29
23350,La Apartada,CORDOBA,45.16,14.07,71.58,0.77,41.11,1.55,18.78
23417,Sta Cruz de Lorica,CORDOBA,39.45,17.34,42.16,20.35,19.85,5.13,19.08
23419,Los Cordobas,CORDOBA,14.94,1.93,20.41,0.05,1.24,0.23,20.68
23464,Momil,CORDOBA,54.53,16.91,63.32,35.94,18.77,6.87,18.15
23466,MONTELIBANO,CORDOBA,31.2,23.94,75.57,24.8,54.29,4.64,17.39
23500,Moñitos,CORDOBA,18.66,0,23.05,0,11.79,1.39,21.74
23555,Planeta Rica,CORDOBA,54.21,53.47,62.24,43.05,28.9,6.59,15.84
23570,Pueblo Nuevo,CORDOBA,30.1,9.41,30.43,17.84,18.91,1.91,18.52
23574,Puerto Escondido,CORDOBA,14.59,0.02,16.76,0.07,12.38,1.08,21.83
23580,Puerto Libertador,CORDOBA,32.83,10.39,36.99,0.08,28.58,1.44,13.18
23586,Purísima,CORDOBA,43.16,22.38,44.84,22.85,17.26,4.88,19.16
23660,Sahagún,CORDOBA,45.56,42.3,50.64,44.21,44.28,8.01,16.81
23670,San Andres Sotavento.,CORDOBA,16.31,17.6,24.57,19.82,12.2,4.4,20.59
23672,San Antero,CORDOBA,40.33,24.69,52.27,22.64,34.65,3.12,21.27
23675,San Bernardo del Vient,CORDOBA,27.54,0.56,28.08,1.11,8.93,4.95,18.69
23678,San Carlos,CORDOBA,13.31,0.26,21.01,8.52,7.62,1.5,16.06
23682,San jose de Ure,CORDOBA,0.17,0.29,42.65,0.38,0.13,0.25,23.84
23686,San Pelayo,CORDOBA,18,2.17,18.55,8.1,8.53,1.96,18.49
23807,Tierralta,CORDOBA,34.01,10.84,41.31,0.12,26.88,2.49,16.38
23815,Tuchin,CORDOBA,0.05,0.05,14.19,9.29,0.35,1.22,20.85
23855,Valencia,CORDOBA,42.37,14.49,44.18,0.95,38.16,2,21.51
25001,Agua de Dios,CUNDINAMARCA,79.52,76.42,79.3,20.26,77.67,15.85,18.02
25019,ALBAN,CUNDINAMARCA,23.4,22.97,24.67,0.14,24.38,3.59,18.85
25035,Anapoima,CUNDINAMARCA,37.53,35.25,37.53,0.15,37.38,5.21,18
25040,Anolaima,CUNDINAMARCA,30.48,29.38,29.98,0.14,30.55,2.98,16.82
25053,ARBELAEZ,CUNDINAMARCA,33.21,32.58,33.21,22.57,32.93,4.79,17.72
25086,BELTRAN,CUNDINAMARCA,19.07,17.18,18.21,0,14.78,0,16.74
25095,Bituima,CUNDINAMARCA,15.08,14.83,15.2,0.12,14.09,2.35,13.13
25099,BOJACA,CUNDINAMARCA,76.26,75.47,76.16,53.41,76.26,7.88,21.5
25120,Cabrera,CUNDINAMARCA,24.08,23.35,24.08,0.37,24.01,1.17,20.07
25123,Cachipay,CUNDINAMARCA,30.71,28.2,30.36,0.09,30.28,1.04,17.48
25126,Cajicá ,CUNDINAMARCA,55.82,55.76,55.92,39.22,55.87,6.71,22.71
25148,CAPARRAPI,CUNDINAMARCA,19.81,17.11,19.69,0.05,19.54,0.36,15.52
25151,CAQUEZA,CUNDINAMARCA,35.06,34.12,35.38,15.83,33.98,5.28,16.97
25154,Carmen de Carupa,CUNDINAMARCA,21.58,21.25,21.44,0,21.34,0.57,16.93
25168,Chaguaní,CUNDINAMARCA,23.15,22.27,22.27,0.1,21.48,1.67,15.81
25175,CHIA,CUNDINAMARCA,59.2,59.05,59.22,43.15,59.17,20.44,18.82
25178,Chipaque,CUNDINAMARCA,25.94,25.78,26.18,14.48,25.9,3.85,16.38
25181,CHOACHI,CUNDINAMARCA,29.38,28.75,29.38,0.11,29.28,5.1,19.95
25183,CHOCONTA,CUNDINAMARCA,49.79,49.44,49.67,0.02,49.26,4.4,20.62
25200,Cogua,CUNDINAMARCA,33.24,33.15,33.19,27.86,33.13,5.38,18.85
25214,Cota,CUNDINAMARCA,50.06,49.38,50.38,24.04,50.3,13.51,22.49
25224,CUCUNUBA,CUNDINAMARCA,16.2,16.15,16.1,15.23,16.15,2.12,18.86
25245,El Colegio,CUNDINAMARCA,39.67,38.57,39.64,0.15,39.24,2.87,18.23
25258,El Peñón,CUNDINAMARCA,9.96,9.75,9.96,0,9.96,0,16.13
25260,El Rosal,CUNDINAMARCA,82.25,82.17,82.43,2.93,82.33,1.59,20.82
25269,FACATATIVA,CUNDINAMARCA,88.79,88.65,88.95,60.16,88.87,16.83,19.39
25279,Fomeque,CUNDINAMARCA,30.65,30.45,30.52,0.29,30.39,3.8,15.64
25281,Fosca,CUNDINAMARCA,19.66,19.33,19.53,17.11,19.46,1.83,17.28
25286,Funza,CUNDINAMARCA,96.38,96.36,96.56,77.97,96.54,35.92,20.86
25288,FUQUENE,CUNDINAMARCA,4.17,3.09,4.09,2.92,3.59,0.58,17.07
25290,FUSAGASUGA,CUNDINAMARCA,79.17,78.96,79.34,46.33,79.26,11.44,17.62
25293,Gachala,CUNDINAMARCA,25.12,24.98,24.98,0.14,24.92,2.43,15.82
25295,Gachancipá ,CUNDINAMARCA,49.49,49.49,49.49,24.07,49.42,4.38,21.27
25297,GACHETA,CUNDINAMARCA,32.04,31.04,31.97,0.14,31.07,4.78,15.29
25299,Gama,CUNDINAMARCA,17.45,17.75,18.14,0,17.84,2.06,16.81
25307,Girardot,CUNDINAMARCA,92.42,89.05,92.89,23.62,90.6,13.95,14.79
25312,Granada,CUNDINAMARCA,24.99,24.03,25.28,0.06,24.93,0.78,17.94
25317,GUACHETA,CUNDINAMARCA,32.84,32.78,32.78,3.44,32.68,2.79,18.14
25320,Guaduas,CUNDINAMARCA,43.44,44.15,46.05,8.27,46.15,5.47,16.94
25322,Guasca,CUNDINAMARCA,36,35.43,35.94,0.06,35.79,4.43,19.12
25324,Guataqui,CUNDINAMARCA,55.37,50,52.84,0.15,45.07,0.15,19.2
25326,Guatavita,CUNDINAMARCA,26.23,26.04,26.1,0.06,25.65,6.49,16.82
25328,Guayabal Siquima,CUNDINAMARCA,21.54,21.19,21.45,0,21.45,0.26,14.6
25335,Guayabetal,CUNDINAMARCA,12.48,14.54,23.27,15.05,19.53,0.29,18.02
25339,Gutierrez,CUNDINAMARCA,26.01,25.48,25.27,0.11,25.37,0.75,19.23
25368,Jerusalen,CUNDINAMARCA,31.18,23.63,30.49,0,26.79,3.43,14.79
25372,JUNIN,CUNDINAMARCA,10.21,10.17,10.31,0,10.12,0.92,16.99
25377,La Calera,CUNDINAMARCA,45.13,44.88,45.19,8.88,45.12,22.58,18.26
25386,La Mesa,CUNDINAMARCA,45.31,43.76,45.59,0.71,44.94,7.59,17.33
25394,La Palma,CUNDINAMARCA,37.5,37.38,38.84,0.28,38.09,3.91,15.55
25398,La Peña,CUNDINAMARCA,10.36,9.68,10.02,0,9.73,0.1,16.51
25402,La Vega,CUNDINAMARCA,35.34,34.1,35.41,0.22,35.34,2.06,16.5
25407,Lenguazaque,CUNDINAMARCA,24.64,24.51,24.6,4.94,24.69,3.03,17.17
25426,Macheta,CUNDINAMARCA,19.09,18.84,19.2,0.05,19.09,2.9,16.07
25430,Madrid,CUNDINAMARCA,90.66,90.61,90.71,73.58,90.62,12.46,18.9
25436,Manta,CUNDINAMARCA,21.33,21.26,21.26,0.22,21.26,3.04,15.98
25438,Medina,CUNDINAMARCA,44.45,44.5,43.89,33.21,44.54,1.9,18.42
25473,Mosquera,CUNDINAMARCA,96.44,96.96,97.19,85.81,97.1,26.43,20.31
25483,Nariño,CUNDINAMARCA,69.28,62.1,66.61,1.17,68.11,1.67,19.27
25486,NEMOCON,CUNDINAMARCA,46.37,46.29,46.87,28.68,46.2,8.36,16.79
25488,Nilo,CUNDINAMARCA,31.92,30.36,31.7,0.05,30.74,1.99,17.46
25489,Nimaima,CUNDINAMARCA,17.6,17.42,17.32,0.19,17.6,1.12,14.51
25491,Nocaima,CUNDINAMARCA,33.75,31.61,33.63,0,33.33,2.14,16.11
25506,Venecia(O. Perez),CUNDINAMARCA,20.47,13.56,21.31,0.32,21.05,0.58,16.94
25513,Pacho,CUNDINAMARCA,42.23,39.1,42.33,0.09,41.7,2.32,19.29
25518,Paime,CUNDINAMARCA,9.35,9.28,9.42,0,9.07,0.07,18.67
25524,PANDI,CUNDINAMARCA,21.22,20.44,21.08,0.14,21.15,1.85,17.56
25530,Paratebueno,CUNDINAMARCA,34.77,35.68,33.86,27.52,35.78,1.47,16.62
25535,Pasca,CUNDINAMARCA,25.48,22.69,26.11,0.49,25.37,0.74,15.67
25572,Puerto Salgar,CUNDINAMARCA,74.46,72.91,74.46,49.19,74.13,5.91,18.19
25580,Puli,CUNDINAMARCA,17.76,8.82,17.41,0.24,13.06,0.24,17.12
25592,Quebradanegra,CUNDINAMARCA,7.57,7.64,7.57,0,7.78,0.14,14.93
25594,Quetame,CUNDINAMARCA,18.94,16.95,18.83,10.24,18.77,0.23,17.88
25596,Quipile,CUNDINAMARCA,9.02,8.36,8.76,0.04,8.31,0.57,15.63
25599,Apulo,CUNDINAMARCA,41.06,40,40.71,7.29,40.78,8.82,16.6
25612,Ricaurte,CUNDINAMARCA,38.5,37.07,39.46,15.49,39.27,4.82,17.87
25645,San Antonio de T.,CUNDINAMARCA,5.63,5.49,5.63,0.11,5.63,0.91,17.6
25649,San Bernardo,CUNDINAMARCA,38.54,37.97,38.08,0.38,38.43,1.82,18.35
25653,San Cayetano,CUNDINAMARCA,11.81,11.73,11.81,0.37,11.81,0.3,18.69
25658,San Francisco,CUNDINAMARCA,38.49,36.05,38.45,0.15,38.38,2.18,17.52
25662,San Juan Rioseco,CUNDINAMARCA,31.57,30.44,30.64,0.56,29.42,1.85,17.8
25718,Sasaima,CUNDINAMARCA,21.76,8.72,22.05,0.22,21.87,1.31,16.66
25736,Sesquile,CUNDINAMARCA,37.74,31.06,38.05,0,37.74,3.88,19.72
25740,Sibate,CUNDINAMARCA,69.8,69.63,69.68,59.52,69.65,31.84,15.91
25743,Silvania,CUNDINAMARCA,27.45,26.31,27.45,11.79,26.56,1.97,18.99
25745,Simijaca,CUNDINAMARCA,59.48,52,59.52,37.38,52.35,4.19,20.29
25754,Soacha,CUNDINAMARCA,91.03,88.37,98.92,85.09,98.77,50.64,20.6
25758,SOPO,CUNDINAMARCA,58.08,57.6,58.25,37.93,58.19,12.45,23.39
25769,Subachoque,CUNDINAMARCA,44.11,43.78,44.11,22.7,44.05,4.83,19.09
25772,Suesca,CUNDINAMARCA,44.09,42.32,44.03,0.18,44.03,3.09,21.58
25777,SUPATA,CUNDINAMARCA,30.46,29.12,29.47,0,29.96,2.47,19.61
25779,Susa,CUNDINAMARCA,26.91,25.97,26.91,14.64,25.47,4.01,17.97
25781,Sutatausa,CUNDINAMARCA,31.54,29.8,31.47,18.3,31.6,1.22,17.93
25785,Tabio,CUNDINAMARCA,23.2,22.95,23.15,18.03,23.1,3.33,21.92
25793,Tausa,CUNDINAMARCA,14.55,13.77,14.84,7.35,13.39,1.3,17.11
25797,Tena,CUNDINAMARCA,6.75,6.27,6.7,0,6.42,0.99,18.03
25799,Tenjo,CUNDINAMARCA,24.48,24.29,24.48,11.89,24.5,9.36,21.02
25805,Tibacuy,CUNDINAMARCA,8.97,8.42,8.5,0,8.58,0.87,17.13
25807,Tibirita,CUNDINAMARCA,16.55,16.44,16.44,0,15.19,1.93,16.8
25815,Tocaima,CUNDINAMARCA,56.37,55.42,56.3,2.1,56.42,10.52,17.16
25817,TOCANCIPA,CUNDINAMARCA,43.27,42.76,43.28,20.21,43.17,6.18,21.55
25823,Topaipi,CUNDINAMARCA,0,0,0,0,0,0,17.43
25839,UBALA,CUNDINAMARCA,7.85,8.54,9.35,0.04,9.08,1.39,17.29
25841,Ubaque,CUNDINAMARCA,12.35,12.3,12.35,0.2,12.35,2.18,17.66
25843,Ubate,CUNDINAMARCA,60.77,59.52,61.43,40.1,59.63,5.35,19.94
25845,Une,CUNDINAMARCA,47.36,46.95,46.8,28.71,47.26,2.79,16.86
25851,Utica,CUNDINAMARCA,52.04,42.83,52.44,0.08,52.12,5.12,16.98
25862,Vergara,CUNDINAMARCA,13.35,12.42,13.12,0.18,13.17,1.19,15.51
25867,Viani,CUNDINAMARCA,32.36,32.02,32.44,0.08,32.44,3.02,16.52
25871,VILLAGOMEZ,CUNDINAMARCA,26.08,25.93,26.54,0.15,26.7,0.15,19.03
25873,VILLAPINZON,CUNDINAMARCA,33.31,31.6,33.43,0,33.28,3.4,22.32
25875,Villeta,CUNDINAMARCA,48.81,47.31,48.64,5.5,49.11,2.59,19.11
25878,VIOTA,CUNDINAMARCA,30.83,29.39,30.88,0.05,29.13,2.06,17.19
25885,YACOPI,CUNDINAMARCA,18.54,17.91,18.61,0.42,18.67,0.58,17.14
25898,ZIPACON,CUNDINAMARCA,24.41,24.12,24.26,19.15,23.11,3.24,17.55
25899,ZIPAQUIRA,CUNDINAMARCA,79.33,79.26,79.75,58.31,79.51,16.02,19.98
27001,Quibdó,CHOCO,6.13,3.31,94.35,0.44,66.07,16.67,20.95
27006,ACANDI,CHOCO,47.06,23.7,50.85,0.09,35.32,3.45,21.85
27025,Alto Baudo,CHOCO,14.32,0,11.58,0,11.38,0.03,18.11
27050,Atrato,CHOCO,1.76,1.14,41.04,0.46,37.79,1.65,23.6
27073,Bagadó,CHOCO,29.02,31.19,59.89,0.08,0.24,0.08,27.98
27075,BAHIA SOLANO,CHOCO,48.02,15.43,51.32,0.17,42.9,10.4,21.7
27077,Bajo Baudo (Pizar),CHOCO,18.88,6.93,23.04,0.57,9.2,2.55,19.74
27099,Bojaya,CHOCO,19.54,1.18,19.91,0.07,19.4,0.07,36.25
27135,Cantón San Pablo,CHOCO,33.46,25.77,44.54,0.08,43.15,0.08,22.32
27150,CARMEN DEL DARIEN,CHOCO,21.55,0,22.07,0,23.27,0,23.2
27160,Certegui,CHOCO,2.22,27.5,68.96,0.2,69.26,0.3,22.7
27205,Cóndoto,CHOCO,26.89,32.5,75.96,0.28,51.8,13.98,24.82
27245,El Carmen de Atrato,CHOCO,39.11,40.34,42.4,3.49,41.1,6.58,19.03
27250,Litoral del San J,CHOCO,11.02,0.38,20.91,0.15,2.04,0.98,26.82
27361,Istmina,CHOCO,0.81,5.8,90.1,0.28,58.52,14.38,22.12
27372,Jurado,CHOCO,35.4,23.71,41.92,0,48.57,0.23,28.94
27413,Lloró,CHOCO,21.45,25.02,50.84,1.09,1.16,0.8,21.88
27425,Medio Atrato,CHOCO,0,0,0,0,0,0,23.44
27430,Medio Baudo,CHOCO,0.57,0.09,14.31,0,14.64,0.05,21.58
27450,Medio San Juan,CHOCO,1.66,6.25,30.08,0.09,3.06,0.09,20.98
27491,Nóvita,CHOCO,34.55,24.01,42.77,0.5,41.11,0.22,25.19
27495,Nuquí,CHOCO,45.18,0.95,45.62,0.07,32.04,6.93,16.72
27580,RIO IRO,CHOCO,31.14,9.23,4.04,0,30.64,0,22.89
27600,Rio Quito,CHOCO,20.87,19.75,23.7,0.42,0.49,0,24.6
27615,Riosucio,CHOCO,7.44,8.07,48.72,0.09,67.53,0.93,22.07
27660,San Jose del Palmar,CHOCO,29.39,28.74,28.74,0,29.24,1.66,21.01
27745,Sipí,CHOCO,16.53,13.94,9.76,0,17.43,0.1,29.1
27787,TADO,CHOCO,3.31,18.01,61.61,0.23,5.13,10.89,23.54
27800,Unguía,CHOCO,34.12,24.39,35.07,0.41,32.33,0.68,23.64
27810,Union Panamericana,CHOCO,22.22,10.14,44.52,0.15,40.99,0.3,22.36
41001,Neiva,HUILA,88.29,83.76,89.26,81.26,87.84,42.04,15.95
41006,Acevedo,HUILA,16.41,14.48,16.41,2.88,16.05,1.41,19.77
41013,Agrado,HUILA,58.54,55.22,58.11,30.65,57.5,4.89,18.41
41016,Aipe,HUILA,56.44,53.51,55.95,48.59,56.19,4,14.76
41020,Algeciras,HUILA,41.07,40.21,41.24,36.34,40.99,2.64,18.1
41026,Altamira,HUILA,70.56,69.54,70.25,49.85,69.95,12.49,17.58
41078,Baraya,HUILA,54.12,52.55,53.39,44.75,53.78,7.51,15.9
41132,Campoalegre,HUILA,69.72,67.35,70.23,57.17,69.5,10.81,16.46
41206,Colombia,HUILA,25.99,25.66,25.9,9.2,25.37,1.48,17.05
41244,Elías,HUILA,31.31,29.42,31.1,16.44,25.24,1.99,18.86
41298,Garzón,HUILA,42.93,41.62,43.58,30.97,43.41,5.13,18.16
41306,Gigante,HUILA,40.46,39.43,40.26,34.63,39.49,7.33,20.37
41319,Guadalupe,HUILA,30.67,30.55,30.84,23.75,30.91,4.55,19.64
41349,Hobo,HUILA,71.85,70.85,69.85,58.13,71.73,5.95,17.82
41357,Iquira,HUILA,31.01,30.77,30.32,14.88,30.89,2.89,16.97
41359,Isnos,HUILA,20.91,20.24,20.89,1.57,20.21,0.72,18.47
41378,La Argentina,HUILA,33.74,33.25,32.72,5.43,34.33,0.97,15.36
41396,La Plata,HUILA,38.71,37.05,38.25,29.21,38.69,4.02,18.66
41483,Nátaga,HUILA,33.99,33.38,32.29,1.36,30.33,0.95,18.7
41503,Oporapa,HUILA,22.03,18.13,22.67,13.47,15.22,1.63,17.64
41518,Paicol,HUILA,39.47,37.1,39.34,35,39.34,5.62,20.27
41524,Palermo,HUILA,44.14,43.62,43.8,41.58,44.11,5.36,17.9
41530,Palestina,HUILA,13.4,12.47,13.58,0.26,13.47,1,16.6
41548,Pital,HUILA,38.4,37.57,38.4,1.98,38.68,2.29,18.23
41551,Pitalito,HUILA,52.84,52.11,53.23,25.72,52.83,8.28,18.73
41615,Rivera,HUILA,48.55,47.12,48.35,41.93,48.16,4.88,16.5
41660,Saladoblanco,HUILA,17.29,15.17,18.7,1.41,13.99,0.37,18.06
41668,San Agustín,HUILA,26.51,25.45,27.69,0.21,23.81,2.17,13.9
41676,Santa María,HUILA,25.62,23.7,26.24,12.77,24.81,2.06,16.75
41770,Suaza,HUILA,21.07,20.73,21.16,12.14,21.27,2.65,18.19
41791,Tarqui,HUILA,28.17,27.58,27.97,22.62,28.42,3.97,19.4
41797,Tesalia,HUILA,53.82,53.06,53.38,48.27,53.1,8.49,18.66
41799,Tello,HUILA,38.7,37.63,37.99,31.31,38.49,4.05,18.96
41801,Teruel,HUILA,52.49,50.93,53.14,48.77,52.89,5.13,16.72
41807,Timana,HUILA,34.76,33.87,34.1,20.6,34.22,2.95,18.61
41872,Villavieja,HUILA,34.19,31.97,33.59,28.72,32.93,4.1,14.49
41885,Yaguará ,HUILA,84.48,83.82,83.92,79.26,84.53,13.84,16.98
44001,Riohacha,LA GUAJIRA,75.11,41.22,83.56,42.16,64.65,8.04,21.54
44035,Albania,LA GUAJIRA,53.25,48.76,53.75,19.87,53.43,2.95,24.56
44078,Barrancas,LA GUAJIRA,69.96,62.59,69.76,48.67,62.39,5.04,21.92
44090,Dibulla,LA GUAJIRA,18.48,7.22,19.32,11.06,9.11,0.53,23.65
44098,Distracción,LA GUAJIRA,58.32,50.17,58.85,47.45,56.53,5.1,20.64
44110,El Molino,LA GUAJIRA,90.14,68.5,92.51,62.79,60.71,9.64,20.14
44279,Fonseca,LA GUAJIRA,70.6,48.5,79.54,47.65,43.63,4.4,21.72
44378,Hatonuevo,LA GUAJIRA,89.69,77.61,93.27,56.17,89.82,2.72,21.73
44420,La Jagua del Pilar,LA GUAJIRA,69.63,64.71,69.63,52.62,67.25,0.64,21.75
44430,Maicao,LA GUAJIRA,60.63,35.63,93.21,53.01,77.13,10.88,20.94
44560,Manaure,LA GUAJIRA,1.24,24.31,59.5,23.86,47.67,2.3,27.96
44650,San Juan del Cesar,LA GUAJIRA,64.91,46.74,64.6,39.71,51.48,10.4,22.38
44847,Uribia,LA GUAJIRA,24.95,22.63,35.91,13.84,28.39,2.34,19.5
44855,Urumita,LA GUAJIRA,90.42,86.66,89.03,78.52,69.28,14.78,23.38
44874,Villanueva,LA GUAJIRA,94.57,83.96,95.77,72.51,43.81,6.76,21.52
47001,Santa Marta,MAGDALENA,38.7,45.25,87.03,49.85,76.59,7.75,18.92
47030,Algarrobo,MAGDALENA,57.03,0.37,65,0.44,55.54,0.44,20.79
47053,Aracataca,MAGDALENA,56.83,24.43,62.81,50.23,31.55,4.14,21.23
47058,Ariguaní,MAGDALENA,43.8,0.31,63.67,0.08,43.42,2.74,19.83
47161,Cerro San Antonio,MAGDALENA,56.66,0.17,56.88,0.06,24.01,0.28,14.84
47170,Chivolo,MAGDALENA,50.13,1.09,54.85,0.02,33.59,2.27,19.08
47189,Cienaga,MAGDALENA,70.22,41.38,77.02,55.16,61.9,4.42,22.72
47205,Concordia,MAGDALENA,33.41,0.22,40.54,0.04,23.48,0.27,23.1
47245,El Banco,MAGDALENA,29.53,20.2,60.84,32.27,21.52,6.48,21.29
47258,El Piñon,MAGDALENA,30.47,9.21,31.98,1.01,11.85,0.35,17.33
47268,El Reten,MAGDALENA,73.23,0.08,77.54,51.05,62.51,0.46,23.04
47288,Fundación,MAGDALENA,71.7,60.07,89.15,77.74,26.6,2.83,18.18
47318,Guamal,MAGDALENA,32.62,19.66,32.88,0.16,22.73,4.4,26.25
47460,Nueva Granada,MAGDALENA,1.05,17.59,32.23,0.02,20.21,0.15,22.79
47541,Pedraza,MAGDALENA,31.63,14.49,32.39,0.88,0.35,0.06,24.16
47545,Pijiño del Carmen,MAGDALENA,40.41,15.55,40.88,0.2,7.11,0.04,27.05
47551,Pivijay,MAGDALENA,51.64,10.1,57.85,2.56,24.85,4.69,21.07
47555,Plato,MAGDALENA,73.21,18.87,74.42,1.96,25.17,5,20.1
47570,Pueblo Viejo,MAGDALENA,27.7,0.07,28.55,11.29,12.49,0.14,22.38
47605,Remolino,MAGDALENA,66.34,0.56,65.99,35.05,64.33,2.5,20.81
47660,Sabanas Sn Angel,MAGDALENA,26.44,0.38,26.29,0,26.17,0.08,20.68
47675,Salamina,MAGDALENA,60.27,29.91,64.26,44.67,59.87,2.62,24.42
47692,San Sebastian B.,MAGDALENA,26.53,0.23,26.72,0,21.48,0.12,23.53
47703,San Zenón,MAGDALENA,17.2,12.55,18.22,0,2.59,0.18,26.94
47707,Santa Ana,MAGDALENA,53.04,19.3,53.19,32.23,45.15,2.37,22.56
47720,Santa Barbara de pinto,MAGDALENA,53.62,0.04,57.45,0,36.85,0,23.43
47745,Sitio Nuevo,MAGDALENA,62.73,0.14,67.03,44.66,23.16,1.12,22.92
47798,Tenerife,MAGDALENA,40.56,15.21,48.36,0.58,24.39,2.01,20.98
47960,ZAPAYAN,MAGDALENA,36.16,0.06,39.11,0.37,0.06,0.18,21.8
47980,Zona Bananera,MAGDALENA,0,0,0,0,0,0,22.89
50001,Villavicencio,META,81.65,82.84,93.1,57.28,91.29,4.82,13.39
50006,ACACIAS,META,82.19,81.66,82.32,78.5,82.27,6.15,17.83
50110,BARRANCA DE UPIA,META,66.46,61.77,65.56,37.85,65.25,1.36,19.96
50124,Cabuyaro,META,43.43,34.58,43.04,2.29,43.73,0.97,17.9
50150,Castilla La Nueva,META,44.49,43.28,45.14,10.04,44.7,6.46,16.31
50223,Cubarral,META,60.75,60.81,61.26,13.17,61.58,4.39,17.72
50226,Cumaral,META,64.38,65.15,67.97,46.9,67.57,4.04,17.69
50245,El Calvario,META,19.66,19.02,19.44,0,17.52,0,17.02
50251,El Castillo,META,32.03,28.18,29.09,4.64,30.67,1.13,17.54
50270,El Dorado,META,33.37,32.41,34.13,5.23,32.7,0,19.48
50287,Fuente de Oro,META,40.34,54.57,53.66,0.28,54.94,2.93,19.03
50313,Granada,META,1.87,66.3,76.97,9.95,77.77,4.15,17.16
50318,Guamal,META,64.74,64.12,64.36,18.19,64.47,7.05,17.43
50325,MAPIRIPAN,META,32.68,21.86,30.59,0,29.33,0.06,13.85
50330,Mesetas,META,34.84,34.44,32.93,0.26,34.58,2.47,16.4
50350,La Macarena,META,27.89,25.1,33.09,0.07,30.86,1.63,19.17
50370,Uribe,META,16.3,15.95,15.82,0.04,16.21,0.04,18.02
50400,LEJANIAS,META,39.49,37.12,38.03,0.12,39.61,1.26,17.16
50450,Puerto Concordia,META,25.44,25.72,37.53,2.57,36.15,0.47,18.88
50568,Puerto Gaitan,META,48.66,57.95,59.96,1.76,63.29,4.25,14.89
50573,PUERTO LOPEZ,META,59.85,58.22,59.55,13.03,59.78,3,17.13
50577,Puerto Lleras,META,23.05,4.88,41.06,1.36,41.42,0.84,18.3
50590,Puerto Rico,META,19.87,35,35.28,0.95,35.7,1.42,11.26
50606,Restrepo,META,68.56,63.42,68.08,57.66,68.79,8.12,19.95
50680,San Carlos Guaroa,META,49.55,49.24,48.09,4.5,51.8,0.82,18.56
50683,San Juan de Arama,META,41.3,38.68,40.18,0.28,39.94,2.39,21.93
50686,San Juanito,META,0,0,0,0,0,0,22.57
50689,SAN MARTIN,META,84.64,83.37,84.72,15.2,85.1,7.78,18.87
50711,Vista Hermosa,META,0.88,15.23,24.6,0.09,28.22,0.53,15.66
52001,Pasto,NARIÑO,70.73,70.69,70.89,0.17,70.78,14.08,17.01
52019,Alban,NARIÑO,22.63,21.75,23.33,0.42,22.54,0.23,14.37
52022,Aldana,NARIÑO,17.98,17.87,18.04,0.06,17.98,3.28,15.1
52036,Ancuya,NARIÑO,26.06,25.73,26.1,0.08,25.94,0.44,11.66
52051,Arboleda,NARIÑO,15.96,12.12,17.83,0.11,13.93,0.55,16.25
52079,Barbacoas,NARIÑO,17.29,0.74,43.67,0.02,33.62,3.07,19.02
52083,Belen,NARIÑO,47.44,45.7,47.51,0.07,46.86,4.62,12.88
52110,Buesaco,NARIÑO,25.5,23.42,25.43,0.1,23.38,0.94,15.83
52203,Colón-Genova,NARIÑO,9.76,9.67,9.81,0.13,9.72,0.49,16.66
52207,Consacá ,NARIÑO,16.11,15.9,16.07,0.17,15.69,0.13,16.16
52210,Contadero,NARIÑO,19.92,17.13,19.98,0,16.95,0.85,15.24
52215,Córdoba,NARIÑO,15.43,14.49,15.64,0.09,14.82,1.29,15.27
52224,Cuaspud-Carlosama,NARIÑO,24.73,23.12,25.27,0.24,24.25,1.02,13.39
52227,Cumbal,NARIÑO,35.75,35.34,35.7,0.12,34.91,3.03,15.78
52233,Cumbitara,NARIÑO,17.92,15.97,17.92,0,17.35,2.19,18.09
52240,Chachaguí,NARIÑO,27.69,24.84,27.84,0.07,27.06,3.36,16.98
52250,El Charco,NARIÑO,14.3,0.29,33.26,0,0.9,1.52,21.87
52254,El Peñol,NARIÑO,14.33,14.07,14.27,0.32,13.75,0,14.46
52256,El Rosario,NARIÑO,16.01,13.45,15.47,0.08,15.43,0.21,17.07
52258,El Tablón,NARIÑO,10.7,9.56,10.56,0,8.76,0,19.36
52260,El Tambo,NARIÑO,34.47,33.11,35.22,0.24,33.62,0.64,13.97
52287,Funes,NARIÑO,34.45,31.04,34.25,0.13,28.16,2.29,17.03
52317,Guachucal,NARIÑO,51.42,49.79,51.5,1.42,47.22,6.41,13.32
52320,Guaitarilla,NARIÑO,31.08,29.24,31.15,0.09,28.53,2.16,14.62
52323,Gualmatán,NARIÑO,38.75,33.93,39.58,0.06,33.99,1.01,16.71
52352,Iles,NARIÑO,25.86,22.86,26.14,0.38,23.62,1.09,15.3
52354,Imues,NARIÑO,12.26,8.62,13.53,0,9.83,0.29,16.5
52356,Ipiales,NARIÑO,79.6,77.87,81.45,0.18,78.07,11.29,15.98
52378,La Cruz,NARIÑO,30.58,30.47,35.85,0.22,31.59,1.14,14.9
52381,La Florida,NARIÑO,16.9,15.02,17.3,0.25,16.44,0.18,14.38
52385,La Llanada,NARIÑO,67.18,62.27,67.82,0.24,65.16,0.08,17.21
52390,La Tola,NARIÑO,0,0,52.97,0,0,8.6,25.23
52399,La Unión,NARIÑO,33.64,29.93,36.65,0.18,34.13,2.35,14.23
52405,Leiva,NARIÑO,31.92,28.52,32.34,0.11,32.04,0.34,19.11
52411,Linares,NARIÑO,19.73,18.34,19.96,0,18.87,0.6,13.57
52418,Los Andes,NARIÑO,43.8,42.76,44.15,0,40.67,0.31,19
52427,Maguí-Payán,NARIÑO,12.57,10.61,26.97,0.04,22.1,0.13,24.88
52435,Mallama,NARIÑO,10.92,10.42,12.5,0.2,10.33,0.15,15.15
52473,Mosquera,NARIÑO,0.21,0.07,25.14,0.04,20.52,0.07,19.73
52480,Nariño,NARIÑO,52.37,43.53,52.55,0.18,33.24,1.37,16.6
52490,Olaya Herrera,NARIÑO,0.17,0.02,42.07,0,2.52,0.4,19.59
52506,Ospina,NARIÑO,24.83,20.69,25.04,0.05,19.78,0.41,13.3
52520,Francisco Pizarro,NARIÑO,39.44,0.12,49.18,0,0.29,0.58,22.39
52540,Policarpa,NARIÑO,20.45,16.64,20.54,0.19,20.04,0.31,20.53
52560,Potosí,NARIÑO,18.45,17.79,18.84,0.39,17.67,1.68,14.75
52565,Providencia,NARIÑO,12.05,11.51,13.27,0,12.73,0.09,13.87
52573,Puerres,NARIÑO,26.72,23.2,27.15,0.08,22.46,2.58,14.94
52585,Pupiales,NARIÑO,31.77,30.04,31.88,0.15,30.3,3.2,12.44
52612,Ricaurte,NARIÑO,19,17.27,20.97,0.13,17.16,0.41,18.56
52621,Roberto Payán,NARIÑO,3.43,3.33,14.18,0.08,12.98,0.1,22.54
52678,Samaniego,NARIÑO,31.13,29.1,31.89,0.21,30.92,0.48,10.46
52683,Sandoná ,NARIÑO,46.81,45.15,46.93,0.67,45.65,4.76,13.92
52685,San Bernardo,NARIÑO,28.46,24.17,29.11,0.16,28.09,0.21,15.52
52687,San Lorenzo,NARIÑO,10.55,9.6,11.71,0.05,10.65,0.13,16.52
52693,San Pablo,NARIÑO,27.65,27.18,27.59,0.18,27.45,2.23,12.32
52694,San Pedro Cartago,NARIÑO,12.63,11.12,12.69,0.06,11.75,0.13,13.87
52696,Santa Bárbara,NARIÑO,21.76,0.09,27.64,0.09,18.28,0.86,22.05
52699,Santa Cruz,NARIÑO,12.58,12.22,13.34,0,8.73,0.16,11.39
52720,Sapuyes,NARIÑO,18.8,17.54,18.7,0.05,17.39,0.1,14.63
52786,Taminango,NARIÑO,22.84,20.55,23.78,0.12,21.13,0.18,11.53
52788,Tangua,NARIÑO,24.68,22.36,24.93,0.16,23.01,0.45,14.27
52835,Tumaco,NARIÑO,38.04,0.3,55.64,0.31,36.58,1.76,20.14
52838,Tuquerres,NARIÑO,42.64,40.28,43.11,0.11,41.58,3.52,14.12
52885,Yacuanquer,NARIÑO,26.53,24.45,26.44,0.2,25.79,0.12,15.59
54001,Cúcuta,NORTE DE SANTANDER,92.67,90.94,95.24,17.04,92.8,13.91,15.62
54003,Abrego,NORTE DE SANTANDER,40.98,40.43,42.65,0.07,42.54,2.21,16.87
54051,Arboledas,NORTE DE SANTANDER,23.63,18.15,23.74,0.21,20.52,0,16.13
54099,Bochalema,NORTE DE SANTANDER,35.25,33.92,35.11,0.15,34.86,7.48,15.94
54109,Bucarasica,NORTE DE SANTANDER,10.03,9.25,9.94,0.17,8.64,0,16.93
54125,Cácota,NORTE DE SANTANDER,30.52,29.51,30.38,0.29,30.38,3.2,15.21
54128,Cáchira,NORTE DE SANTANDER,16.8,16.32,17.46,0.09,16.54,4.23,18.39
54172,Chinácota,NORTE DE SANTANDER,65.11,63.29,65.76,0.06,65.2,14.46,16.92
54174,Chitagá ,NORTE DE SANTANDER,41.2,37.96,41.13,0.2,41.4,5.59,15.66
54206,Convención,NORTE DE SANTANDER,38.57,35.85,40.59,0.19,32.47,6.28,15.93
54223,Cucutilla,NORTE DE SANTANDER,15.51,15.3,17.43,0.09,17.47,0.17,16.53
54239,Durania,NORTE DE SANTANDER,46.32,41.67,46.8,0.19,46.61,1.26,14.74
54245,El Carmen,NORTE DE SANTANDER,21.2,16.92,21.78,0.13,19.96,3.29,16.67
54250,El Tarra,NORTE DE SANTANDER,30.59,29.6,30.99,0.48,30.99,1.41,15.88
54261,El Zulia,NORTE DE SANTANDER,55.49,49.02,55.95,0,50.92,2.04,16.39
54313,Gramalote,NORTE DE SANTANDER,47.71,46.09,47.37,0.07,46.83,11.46,16.03
54344,Hacarí,NORTE DE SANTANDER,10.84,6.86,11.01,0.06,9.96,0.72,16.49
54347,Herrán,NORTE DE SANTANDER,22.84,22.12,22.6,0.48,22.24,5.05,13.42
54377,Labateca,NORTE DE SANTANDER,21.92,22.07,22.07,0.07,22.3,3.8,15.77
54385,La Esperanza,NORTE DE SANTANDER,15.38,14.6,16.15,0.23,13.99,0.35,17.89
54398,La Playa,NORTE DE SANTANDER,10.93,10.93,11.49,0,11.27,1.12,13.51
54405,Los Patios,NORTE DE SANTANDER,94.39,91.57,95.97,22.67,94.51,24.35,16.56
54418,Lourdes,NORTE DE SANTANDER,41.44,41.66,42.09,0.32,41.98,1.94,16.44
54480,Mutiscua,NORTE DE SANTANDER,15.37,14.62,15.9,0,14.94,1.28,15.4
54498,Ocaña,NORTE DE SANTANDER,80.29,74.97,83.83,7.29,79.75,11.21,14.67
54518,Pamplona,NORTE DE SANTANDER,86.28,86.54,87.16,4.57,87.33,9.64,19.12
54520,Pamplonita,NORTE DE SANTANDER,16.38,15.82,15.82,0,15.98,1.61,16.35
54553,Puerto Santander,NORTE DE SANTANDER,86.74,91.02,93.59,0.56,90.54,3.8,15.15
54599,Ragonvalia,NORTE DE SANTANDER,39.42,44.5,45.94,0,44.59,5.84,14.02
54660,Salazar,NORTE DE SANTANDER,40.43,38.76,42.79,0.09,37.51,6.44,17.12
54670,San Calixto,NORTE DE SANTANDER,12.12,10.28,16.3,0.04,9.32,0.13,14.35
54673,San Cayetano,NORTE DE SANTANDER,32.51,31.8,32.3,0.21,32.3,3.39,17.46
54680,Santiago,NORTE DE SANTANDER,49.92,49.76,50.08,0,49.61,0,17
54720,Sardinata,NORTE DE SANTANDER,44.13,43.29,44.06,0,41.76,2.58,17.56
54743,Silos,NORTE DE SANTANDER,18.25,18.25,18.18,0.52,18.03,3.37,14.03
54800,Teorama,NORTE DE SANTANDER,14.23,13.52,14.03,0.14,12.19,0.88,15.41
54810,Tibú,NORTE DE SANTANDER,34.75,33.13,34.92,5.13,34.9,1.09,17.28
54820,Toledo,NORTE DE SANTANDER,29.75,30.09,30.12,0.39,30.15,5.65,19.32
54871,Villa Caro,NORTE DE SANTANDER,43.1,42.91,43.48,0.47,38.94,0.28,15.18
54874,Villa del Rosario,NORTE DE SANTANDER,87.57,86.97,92.98,3.65,87.92,8.55,11.52
63001,Armenia,QUINDIO,97.56,96.84,97.7,57.42,98.03,29.21,15.28
63111,Buenavista,QUINDIO,43.52,43.41,43.41,0.11,43.52,3.22,17.35
63130,CALARCA,QUINDIO,87.96,87.94,88,47.62,88.23,14.16,17.34
63190,Circasia,QUINDIO,78.09,77.6,77.73,46.98,77.38,6.01,16.26
63212,CORDOBA,QUINDIO,62.21,62.33,61.06,0.38,62.4,3.89,18.29
63272,Filandia,QUINDIO,58.39,58.25,58.13,47.42,58.63,11.03,17.28
63302,Genova,QUINDIO,61.58,61.06,61.3,0.16,61.7,2.25,13.69
63401,La Tebaida,QUINDIO,91.58,90.97,91.27,42.21,91.31,5.89,17.52
63470,Montenegro,QUINDIO,85.25,84.93,85.36,49.07,86.05,8.64,15.18
63548,Pijao,QUINDIO,51.97,45.71,59.81,0.32,59.97,4.48,17.7
63594,Quimbaya,QUINDIO,83.08,82.28,82.91,31.68,82.98,5.88,15.17
63690,Salento,QUINDIO,60.55,60.28,60.66,42.36,61.09,11.09,15.89
66001,Pereira,RISARALDA,62.23,60.51,82.79,34.32,62.31,33.91,16.6
66045,Apía,RISARALDA,41.23,39.99,40.94,1.78,40.31,2.51,17.34
66075,Balboa,RISARALDA,17.95,23.71,24.01,11.89,23.78,2.39,14.34
66088,Belen de Umbria,RISARALDA,42.28,42.25,42.42,1.98,42.28,3.81,17.51
66170,Dos Quebradas,RISARALDA,92.1,91.39,92.53,55.24,92.23,45.51,15.79
66318,Guática,RISARALDA,27.84,27.43,27.73,0.59,27.43,0.3,17
66383,La Celia,RISARALDA,40.69,36.79,40.99,26.62,41.09,2.72,16.34
66400,La Virginia,RISARALDA,97.55,97.36,97.53,66.35,97.58,12.42,13.21
66440,Marsella,RISARALDA,50.48,50.17,50.5,25.33,50.46,4.66,14.07
66456,Mistrató,RISARALDA,42.68,41.88,42.44,0.03,42.19,1.32,16.54
66572,Pueblo Rico,RISARALDA,38.77,37.91,38.52,0.05,38.52,2.08,20.11
66594,Quinchía,RISARALDA,29.68,29.55,29.63,0.47,29.68,2.25,17.27
66682,Sta Rosa de Cabal,RISARALDA,77.31,76.76,79.38,36.05,79.24,18.01,17.6
66687,Santuario,RISARALDA,51.15,51.09,50.97,1.13,51,4.6,17.21
68001,Bucaramanga,SANTANDER,88.21,87.51,96.15,75.33,95.06,49.85,20.82
68013,Aguada,SANTANDER,14.29,13.93,14.11,0,14.11,0.89,15.8
68020,Albania,SANTANDER,7.5,7.04,7.79,5.91,7.22,0.19,15.4
68051,Aratoca,SANTANDER,24.43,24.17,26.62,0.15,25.65,3.36,14.15
68077,Barbosa,SANTANDER,63.85,64.14,65.48,14.82,64.76,6.46,17.87
68079,Barichara,SANTANDER,32.27,31.99,31.99,0.34,32.1,13.98,17.03
68081,Barrancabermeja,SANTANDER,83.87,67.62,84.63,60.72,82.35,22.51,19.08
68092,Betulia,SANTANDER,22.07,21.22,23.34,0.28,20.44,2.19,17.88
68101,Bolívar,SANTANDER,11.66,11.66,11.77,7.57,11.63,0.91,16.61
68121,Cabrera,SANTANDER,23.6,16.6,23,0.2,19,0,15.91
68132,California,SANTANDER,46.51,44.67,46.69,0.18,46.32,2.02,14.67
68147,Capitanejo,SANTANDER,45.67,42.84,45.43,0.47,43.88,17.66,14.83
68152,Carcasi,SANTANDER,14.42,14.26,14.34,0,14.5,1.04,16.84
68160,Cepita,SANTANDER,23.73,21.91,24.54,0,22.72,1.01,15.66
68162,Cerrito,SANTANDER,43.58,43.31,43.31,0.14,43.38,4.53,15.35
68167,Charalá ,SANTANDER,51.78,50.63,51.86,1.23,51.54,5.12,14.43
68169,Charta,SANTANDER,25.9,25.57,25.9,0.68,24.66,0.9,13.37
68176,Chima,SANTANDER,30.13,29.66,30.36,0.7,29.19,1.52,16.71
68179,Chipatá ,SANTANDER,12.7,11.93,12.47,8.55,12.63,0.46,16.93
68190,Cimitarra,SANTANDER,45.41,45.83,47.64,6.21,45.93,1.11,18.6
68207,Concepción,SANTANDER,37.91,36.9,40.86,0.37,39.04,2.89,14.02
68209,Confines,SANTANDER,16.29,15.1,15.63,0.13,15.63,0.4,14.03
68211,Contratación,SANTANDER,66.43,61.42,67.31,0,58.61,8.96,17.47
68217,Coromoro,SANTANDER,8.77,8.77,8.77,0,8.89,0.26,15.76
68229,Curiti,SANTANDER,32.72,29.99,32.18,0.4,31.35,1.22,16.07
68235,El Carmen,SANTANDER,14.5,14.14,14.64,0.48,14.57,0.72,19.21
68245,El Guacamayo,SANTANDER,19.93,21.42,22.91,0.93,22.35,0.37,16.75
68250,El Peñón,SANTANDER,13.36,13.17,13.92,11.48,13.55,0,18.68
68255,El Playón,SANTANDER,43.54,44.12,45.41,2.07,45.47,2.09,18.99
68264,Encino,SANTANDER,18.82,18.24,18.53,0.29,18.68,0.59,20.89
68266,Enciso,SANTANDER,20.19,20,19.24,0.09,19.91,0.38,19.33
68271,Florian,SANTANDER,18.63,17.67,18.31,13.15,18.31,0.26,20.41
68276,Floridablanca,SANTANDER,90.33,89.7,92.78,88.51,92.1,47.33,16.91
68296,Galán,SANTANDER,27.65,25.12,26.27,0.23,25.23,3.23,15.21
68298,Gambita,SANTANDER,13.16,13.06,13.16,0.1,12.87,1.56,18
68307,Girón,SANTANDER,63.89,69.76,85.19,54.36,83.61,24.64,18.48
68318,Guaca,SANTANDER,24.75,24.02,24.51,2.09,23.1,2.76,17.19
68320,Guadalupe,SANTANDER,32.17,30.01,32.76,0.22,31.12,4.1,16.63
68322,Guapota,SANTANDER,23.81,21.87,23.28,0,22.75,3.88,18.01
68324,Guavata,SANTANDER,14.58,14.2,14.5,12.7,14.5,1.43,14.54
68327,Guepsa,SANTANDER,47.55,44.62,47.63,42.36,45.97,7,15.87
68344,Hato,SANTANDER,27.03,24.17,27.03,0,23.85,0.95,15.88
68368,Jesus María,SANTANDER,18.2,17.34,17.88,11.67,17.77,0.21,17.72
68370,Jordán,SANTANDER,4.44,3.75,4.1,0,0,0,15.98
68377,La Belleza,SANTANDER,19.08,17.97,19.02,17.91,19.02,0.48,17.95
68385,Landazuri,SANTANDER,25.62,25.56,26.8,0.08,25.83,0.83,18.5
68397,La Paz,SANTANDER,14.23,14.16,14.45,12.62,14.23,1.39,16.6
68406,Lebrija,SANTANDER,44.56,44.51,46.01,35.3,45.5,2.78,18.48
68418,Los Santos,SANTANDER,10.66,10.47,10.73,0.22,10.73,2.3,14.87
68425,Macaravita,SANTANDER,7.26,6.85,6.99,0.14,7.4,0,18.78
68432,Málaga,SANTANDER,81.98,81.82,82.39,0.35,82.04,7.64,21.73
68444,Matanza,SANTANDER,28.01,27.48,28.22,0.16,27.74,1.86,14.28
68464,Mogotes,SANTANDER,33.83,33.53,33.38,1.23,33.87,2.49,18.84
68468,Molagavita,SANTANDER,14.02,13.95,13.95,0.23,14.02,1.22,17.3
68498,Ocamonte,SANTANDER,15.14,15.14,15.37,0,15.29,0.23,15.28
68500,Oiba,SANTANDER,37.76,36.84,37.53,0.92,37.8,6.03,18.38
68502,Onzaga,SANTANDER,18.89,18.3,19.08,0.07,19.67,2.82,15.05
68522,Palmar,SANTANDER,40.6,38.05,38.98,0,38.75,2.32,16.95
68524,Palmas de Socorro,SANTANDER,26.29,25.23,25.35,0.7,26.05,0.12,17.99
68533,Páramo,SANTANDER,26.92,26.81,26.59,0.11,26.81,1.78,13.68
68547,Piedecuesta,SANTANDER,69.36,70.11,70.77,61.16,70.25,25.5,15.69
68549,Pinchote,SANTANDER,17.88,17.79,17.97,0,17.61,2.28,16.52
68572,Puente Nacional,SANTANDER,28.3,29.13,30.18,13.68,29.87,4.63,16.01
68573,Puerto Parra,SANTANDER,31.11,27.15,31.06,2.59,29.18,1.32,18.65
68575,Puerto Wilches,SANTANDER,42.67,36.15,45.89,36.21,43.23,2,19.15
68615,Rionegro,SANTANDER,15.18,14.59,20.98,0.12,15.19,2.1,17.97
68655,Sabana de Torres,SANTANDER,43.87,48.22,52.88,41.48,50.99,2.31,19.76
68669,San Andres,SANTANDER,30.53,30.48,30.08,0.57,29.96,2.81,16.97
68673,San Benito,SANTANDER,8.38,8.04,8.72,2.15,7.81,0.23,15.85
68679,San Gil,SANTANDER,77.13,76.96,78.15,1.15,77.52,10.25,16.57
68682,San Joaquín,SANTANDER,24.54,25.07,25.07,0.13,23.63,1.57,16.52
68684,San Jose Miranda,SANTANDER,14.85,14.61,14.77,0.25,13.94,2.9,17.73
68686,San Miguel,SANTANDER,18.93,18.48,18.03,0,18.93,0.6,20.99
68689,San Vicente Chucurí,SANTANDER,40.99,40.34,40.95,37.55,41.07,7.81,18
68705,Santa Bárbara,SANTANDER,9.72,9.41,11.73,1.85,11.57,1.08,18.13
68720,Santa Helena,SANTANDER,14.76,14.06,15.36,0.1,13.15,0,19.75
68745,Simacota,SANTANDER,23.6,23.51,23.18,1.03,23.51,4.74,18.52
68755,Socorro,SANTANDER,77.31,77.13,77.46,1.45,77.29,21.56,17.24
68770,Suaita,SANTANDER,17.22,15.2,17.12,0.5,17.29,3.23,17.97
68773,Sucre,SANTANDER,5.16,4.72,5.31,2.56,4.62,0.34,20.4
68780,Suratá ,SANTANDER,23.58,23.58,24.06,0,24.06,1.98,14.69
68820,Tona,SANTANDER,8,8.34,8.46,0,8.29,0.46,18.09
68855,Valle San Jose,SANTANDER,33.82,33.33,33.88,0.31,33.76,2.33,18.09
68861,Velez,SANTANDER,42.43,39.5,42.83,11.31,41.1,3.9,18.74
68867,Vetas,SANTANDER,32.7,28.55,35.99,0,35.12,6.75,14.5
68872,Villa Nueva,SANTANDER,53,53.48,55.53,4.96,54.15,4.15,16.2
68895,Zapatoca,SANTANDER,66.19,64.32,65.84,0.19,65.69,15.01,18.97
70001,Sincelejo,SUCRE,69.89,76.82,88.98,72.35,78.77,10.38,18.9
70110,Buenavista,SUCRE,74.73,56.4,77.07,55.65,58.32,5.58,20.75
70124,Caimito,SUCRE,26.37,14.37,25.97,0.08,0.04,1.22,23.44
70204,Colosó,SUCRE,47.14,26.93,47.97,0.29,16.03,0.12,17.33
70215,Corozal,SUCRE,53.61,30.98,75.68,21.31,46.95,3.56,15.08
70221,Coveñas,SUCRE,30.02,1.28,63.76,26.81,28.38,2.6,19.92
70230,Chalán,SUCRE,51.67,35.16,60.2,0,25.6,0.46,20.61
70233,El Roble,SUCRE,44.27,20.6,43.66,0.04,13.37,0.04,19
70235,Galeras,SUCRE,60.04,35.88,60.99,43.38,42.09,5.46,20.91
70265,Guaranda,SUCRE,16.51,0.38,38.57,0.05,19.6,0.68,18.99
70400,La Unión,SUCRE,44.53,20.06,44.28,0.46,35.52,1.96,22.28
70418,Los Palmitos,SUCRE,45.51,29.4,45.97,25.77,39.68,2.47,18.71
70429,Majagual,SUCRE,17.44,0.28,24.1,0.02,2.12,0.2,15.93
70473,Morroa,SUCRE,38.54,31.95,53.07,18.49,33.08,3.21,18.33
70508,Ovejas,SUCRE,44.87,43.21,49.14,32.4,35.17,2.83,20.27
70523,Palmito,SUCRE,38.38,34.23,42.09,0.03,35.21,0.2,23.72
70670,Sampues,SUCRE,51.05,40.8,52.45,29.89,36.84,3.37,17.66
70678,San Benito Abad,SUCRE,22.36,0.03,21.59,0.02,0.06,0.83,18.55
70702,San Juan Betulia,SUCRE,47.95,43,51,43.24,2.35,0.49,19.19
70708,San Marcos,SUCRE,49.19,5.35,55.96,37.84,25.12,4.22,20.53
70713,San Onofre,SUCRE,35.01,11.58,39.52,23.46,7.52,6.22,24.71
70717,San Pedro,SUCRE,63.07,36.63,65.9,31.72,14.51,2.38,16.64
70742,Sincé,SUCRE,69.1,63.4,73.14,61.27,64.34,9.64,17.29
70771,Sucre,SUCRE,26.24,0.05,26.22,0,15.02,0.16,17.79
70820,Tolú,SUCRE,63.45,27.37,82.66,49.45,56.67,12.62,22.57
70823,Toluviejo,SUCRE,24.35,21.58,28.53,19.6,16.89,1.34,14.66
73001,Ibague,TOLIMA,89.92,89.28,90.33,71.58,90.22,37.34,16.34
73024,Alpujarra,TOLIMA,35.31,32.71,34.22,0.14,33.36,3.1,17.59
73026,Alvarado,TOLIMA,36.49,31.24,37.98,28.45,35.03,9.26,14.96
73030,Ambalema,TOLIMA,81.11,76.61,80.21,52.13,80.16,13.02,15.8
73043,Anzoategui,TOLIMA,18.62,18.45,18.54,0,18.58,1.25,18.22
73055,Guayabal,TOLIMA,67.25,65.87,66.62,50.84,66.83,9.18,16.28
73067,Ataco,TOLIMA,22.31,24.02,25.07,0.18,24.87,1.47,16.65
73124,Cajamarca,TOLIMA,47.53,47.44,47.59,0.26,47.57,4.6,15.27
73148,CARMEN DE APICALA,TOLIMA,74.65,72.15,74.58,41.08,74.55,7.92,17.86
73152,Casabianca,TOLIMA,27.16,25.76,26.34,12.4,26.46,3.05,13.35
73168,Chaparral,TOLIMA,50.11,45.73,50.13,26.2,48.43,6.42,17.72
73200,Coello,TOLIMA,16.27,13.08,15.86,1.76,13.08,1.1,15.03
73217,Coyaima,TOLIMA,24.14,21.79,23.28,0.08,22.98,2.54,18.24
73226,Cunday,TOLIMA,26.97,26.27,26.64,0.04,25.34,2.11,16.4
73236,Dolores,TOLIMA,38.97,36.07,38.01,0.1,38.14,3.06,18.02
73268,Espinal,TOLIMA,66.05,65.86,66.73,32.9,66.42,5.83,15.17
73270,Falan,TOLIMA,21.16,18.63,20.88,12.41,19.48,4.68,15.84
73275,Flandes,TOLIMA,79.42,76.98,79.68,25.86,77.25,9.59,16.06
73283,Fresno,TOLIMA,45.02,45.23,46.83,33.1,46.63,4.79,15.18
73319,Guamo,TOLIMA,46.43,40.83,46.51,34.71,45.86,8.18,15.09
73347,Herveo,TOLIMA,36.69,36.12,36.33,29.5,36.64,6.35,15.92
73349,Honda,TOLIMA,95.55,93.47,95.69,57.29,94.46,23.06,13.9
73352,Icononzo,TOLIMA,31.16,29.53,30.98,25.34,30.73,4.23,18.02
73408,Lerida,TOLIMA,78.41,76.79,77.89,62.89,77.22,8.77,16.66
73411,LIBANO,TOLIMA,60.85,59.45,61.09,45.11,60.35,9.73,16.02
73443,Mariquita,TOLIMA,68.44,67.27,72.33,46.38,68.86,11.2,14.85
73449,Melgar,TOLIMA,75.59,69.09,79.88,38.18,74.79,6.5,18.72
73461,Murillo,TOLIMA,38.56,37.35,38.1,0.19,36.04,2.05,16.33
73483,Natagaima,TOLIMA,52.18,47.92,49.84,30.83,51.4,2.12,16.86
73504,Ortega,TOLIMA,20.61,19.68,19.81,10.08,20.04,3.15,16.89
73520,Palo Cabildo,TOLIMA,29.3,27.01,29.56,9.45,28.34,1.37,16.35
73547,Piedras,TOLIMA,33.91,29.22,33.39,21.89,30.54,8.91,14.95
73555,Planadas,TOLIMA,25.61,24.57,25.74,0.09,25.77,1.7,19.49
73563,Prado,TOLIMA,39.75,38.44,39.28,3.06,38.88,3.34,16.09
73585,PURIFICACION,TOLIMA,46.71,46,46.3,31.42,46.3,7.21,15.17
73616,Rioblanco,TOLIMA,18.38,16.67,18.07,0.1,17.03,0.93,17.28
73622,Roncesvalles,TOLIMA,30.65,30.53,28.9,0.12,31.32,1.33,18.73
73624,Rovira,TOLIMA,39.94,37.83,38.69,1.3,38.14,2.51,16.58
73671,Saldaña,TOLIMA,50.05,51.11,53.65,33.67,52.88,7.96,14.75
73675,San Antonio,TOLIMA,32.43,31.32,31.21,0.17,30.65,2.74,18.49
73678,San Luis,TOLIMA,28.52,23,27.14,20.86,26.89,1.56,17.37
73686,Santa Isabel,TOLIMA,36.78,36.35,35.32,0.3,35.93,4.44,16.79
73770,SUAREZ,TOLIMA,37.14,35.75,39.06,0.26,38.88,2.88,14.39
73854,Valle de San Juan,TOLIMA,42.57,41.41,40.74,31.93,41.02,2.88,16.08
73861,Venadillo,TOLIMA,64.66,61.37,64.34,54.58,64.56,8.53,15.95
73870,Villahermosa,TOLIMA,38.85,37.71,38.64,9.42,38.6,2.39,15.79
73873,Villarrica,TOLIMA,37.49,33.57,36.55,0.17,36.55,2.76,14.84
76001,Cali,VALLE DEL CAUCA,95.39,93.81,96.35,66.73,95.5,50.96,16.84
76020,ALCALA,VALLE DEL CAUCA,76.32,75.13,76.26,0.3,76.62,4.49,17.37
76036,Andalucia,VALLE DEL CAUCA,69.85,69.53,70.06,42.13,69.76,13.43,14.67
76041,Anserma Nuevo,VALLE DEL CAUCA,53.47,52.55,54.32,28.18,54.71,2.18,16.37
76054,Argelia,VALLE DEL CAUCA,53.04,46.23,55.37,0.26,55.31,3.04,15.63
76100,BOLIVAR,VALLE DEL CAUCA,27.68,27.09,27.61,2.49,22.77,5.05,14
76109,Buenaventura,VALLE DEL CAUCA,64.77,37.51,84.55,1.79,62.25,11.92,19.43
76111,Buga,VALLE DEL CAUCA,82.6,82.56,82.58,63.95,82.6,19.28,15.54
76113,Bugalagrande,VALLE DEL CAUCA,50.06,50.04,50.37,37.08,50.5,15.69,16.43
76122,Caicedonia,VALLE DEL CAUCA,72.81,72.67,73.01,55.11,72.98,15.86,15.07
76126,Calima-Darien,VALLE DEL CAUCA,61.97,60.3,61.97,5.08,62.18,5.73,17.07
76130,Candelaria,VALLE DEL CAUCA,25.88,25.41,25.93,20.28,25.48,6.17,17.41
76147,Cartago,VALLE DEL CAUCA,96.07,95.59,96.41,43.76,95.91,12.35,14.77
76233,Dagua,VALLE DEL CAUCA,20.02,18.35,20.97,0.1,20.12,3.2,15.97
76243,El Aguila,VALLE DEL CAUCA,28.42,28.08,28.35,0.04,28.5,1.5,15.04
76246,El Cairo,VALLE DEL CAUCA,42.44,39.64,42.62,0.14,42.13,2.13,14.68
76248,El Cerrito,VALLE DEL CAUCA,64.45,64.47,64.39,47.99,64.55,17.46,15.38
76250,El Dovio,VALLE DEL CAUCA,53.77,53.58,53.46,0.2,53.89,5.27,16.36
76275,Florida,VALLE DEL CAUCA,68.91,68.91,69.53,37.02,69.32,6.82,15.82
76306,Ginebra,VALLE DEL CAUCA,41.8,41.75,41.8,32.66,41.8,8.82,15.54
76318,Guacarí,VALLE DEL CAUCA,56.67,56.48,56.6,35.73,56.88,11.21,19.23
76364,Jamundí,VALLE DEL CAUCA,61.19,60.63,61.17,40.36,61.14,19.51,18.04
76377,La Cumbre,VALLE DEL CAUCA,27.51,18.28,27.96,0.2,24.44,4.68,12.33
76400,LA UNION,VALLE DEL CAUCA,68.85,70.38,74.51,55.91,73.53,11.62,15.09
76403,La Victoria,VALLE DEL CAUCA,66.66,66.21,67.17,55.32,67.11,17.3,16.58
76497,Obando,VALLE DEL CAUCA,71.03,70.73,70.65,53.53,71.32,8,16.55
76520,Palmira,VALLE DEL CAUCA,76.43,76.24,76.47,48.23,76.51,26.05,15.51
76563,Pradera,VALLE DEL CAUCA,79.69,79.06,80.3,46.26,80.92,7.02,17.69
76606,Restrepo,VALLE DEL CAUCA,54.32,54.1,54.29,0.34,54.36,5.21,16.91
76616,RIOFRIO,VALLE DEL CAUCA,37.21,37.36,37.44,2.34,37.38,4.73,16.57
76622,Roldanillo,VALLE DEL CAUCA,70.34,69.81,70.98,28.02,68.41,12.58,8.7
76670,San Pedro,VALLE DEL CAUCA,38.57,38.45,38.66,29.6,38.57,8.54,16.47
76736,Sevilla,VALLE DEL CAUCA,71.68,67.31,72.38,49.95,71.52,13.01,15.74
76823,Toro,VALLE DEL CAUCA,65.67,64.3,66.01,1.2,65.83,8.24,14.66
76828,Trujillo,VALLE DEL CAUCA,43.58,43.09,43.54,0.33,43.58,4.73,14.74
76834,TULUA,VALLE DEL CAUCA,69.41,69.38,69.36,43.58,69.41,13.77,15.72
76845,Ulloa,VALLE DEL CAUCA,51.66,50.55,51.36,0.59,51.66,4.86,15.79
76863,Versalles,VALLE DEL CAUCA,51.94,51.39,52.02,0.88,51.64,6.15,15.97
76869,Vijes,VALLE DEL CAUCA,62.09,61.7,61.24,5.26,62.27,10.48,15.86
76890,Yotoco,VALLE DEL CAUCA,53.91,49.27,54.25,0.09,54.25,10.37,16.49
76892,Yumbo,VALLE DEL CAUCA,82.14,83.58,84.9,35.28,81.95,25.53,15.34
76895,Zarzal,VALLE DEL CAUCA,70.45,70.56,70.44,29.52,70.74,10.08,16.37
81001,Arauca,ARAUCA,72.38,68.97,77.88,0.15,75.42,17.89,18.16
81065,Arauquita,ARAUCA,31.19,28.71,31,0.28,30.96,3.78,18.49
81220,Cravo Norte,ARAUCA,65.26,59.6,61.71,0.33,58.49,12.43,18.24
81300,Fortul,ARAUCA,38.42,33.13,38.1,0.1,37.59,1.93,19.25
81591,Puerto Rondón,ARAUCA,51.71,45.41,64.87,0.56,25.49,3.24,19.36
81736,Saravena,ARAUCA,71.52,54.48,70.99,0.16,71.61,12.18,16.54
81794,Tame,ARAUCA,41.37,38.51,40.85,0.12,40.5,8.88,18.43
85001,Yopal,CASANARE,78.55,76.6,82.33,63.01,82.3,5.3,18.96
85010,Aguazul,CASANARE,67.68,66.9,67.44,61.2,68.07,3.6,19.31
85015,Chameza,CASANARE,44.62,43.93,44.27,0,43.76,0,17.51
85125,Hato Corozal,CASANARE,47.89,33.09,44.9,1.05,45.95,0.89,16.94
85136,La Salina,CASANARE,42.39,40.58,42.39,0.36,40.94,0,24.79
85139,MANI,CASANARE,15.43,67.33,70.06,44.27,69.67,1.32,19.29
85162,Monterrey,CASANARE,72.12,70.68,71.98,68.25,72.28,1.92,19.74
85225,Nunchia,CASANARE,20.77,18.01,18.48,0.28,19.83,0.33,14.45
85230,Orocue,CASANARE,63.84,59.33,62.35,47.61,63.63,2.56,18.71
85250,Paz de Ariporo,CASANARE,68.27,61.77,66.76,30.15,69.77,1.66,18.27
85263,Pore,CASANARE,58.27,49.9,53.88,8.09,57.99,0.8,20.57
85279,Recetor,CASANARE,17.19,16.95,20.82,0,20.1,0,17.94
85300,Sabanalarga,CASANARE,53.65,52.45,52.36,43.39,52.91,1.3,19.03
85315,Sacama,CASANARE,61.2,58.31,57.35,0.48,58.55,0.96,21.56
85325,San Luis Palenque,CASANARE,30.52,25,30.16,16.13,30.28,1.68,15.24
85400,Tamara,CASANARE,20.54,18.74,20.37,1.35,19.64,0.79,19.88
85410,Tauramena,CASANARE,63.52,62.55,63.04,51.77,63.47,2.41,21.1
85430,Trinidad,CASANARE,55.21,53.18,52.9,24.83,55.35,2.03,15.96
85440,Villanueva,CASANARE,79.37,78.02,78.99,62.67,79.35,3.03,20.25
86001,Mocoa,PUTUMAYO,67.13,62.17,69.91,0.24,66.18,7.74,18.75
86219,COLON,PUTUMAYO,65.69,64.26,65.54,0.15,38.22,2.93,19.87
86320,El Orito,PUTUMAYO,38.94,41.35,47.94,0.08,48.25,3.5,20.57
86568,PUERTO ASIS,PUTUMAYO,15.51,54.6,60.24,0.19,59.1,3.19,20.45
86569,Puerto Caicedo,PUTUMAYO,28.19,30.87,31.82,0.06,31.88,0.96,18.68
86571,PUERTO GUZMAN,PUTUMAYO,22.14,13.24,19.81,0.02,20.46,0.08,21.88
86573,PUERTO LEGUIZAMON,PUTUMAYO,40.96,37.51,46.2,0.23,40.47,1.86,23.78
86749,Sibundoy,PUTUMAYO,79.45,78.42,79.04,0.24,73.83,5.56,17.54
86755,San Francisco,PUTUMAYO,64.98,62.95,64.16,0.08,52.03,2.18,18.01
86757,San Miguel,PUTUMAYO,0.2,25.71,27.83,0.1,28.67,5.3,20.93
86760,Santiago,PUTUMAYO,64.85,64.19,64.74,0.22,57.42,4.69,18.97
86865,Valle del Gamuez,PUTUMAYO,15.23,38.18,42.37,0.19,40.93,0.89,18.49
86885,VILLA GARZON,PUTUMAYO,61.25,53.56,61.52,0.09,59.39,1.94,20.04
88001,San Andres,SAN ANDRES,0.44,0.77,52.96,0.05,52.93,12.07,17.86
88564,Providencia,SAN ANDRES,0,0,0,0,0,0,15.29
91001,Leticia,AMAZONAS,58.27,51.51,85.94,0.3,85.1,18.84,20.73
94001,Puerto Inírida,GUAINIA,62.99,42.73,94.91,0.22,93.28,6.53,22.42
95001,San Jose del Guaviare,GUAVIARE,15.87,34.46,58.3,7.49,58.29,2.96,20.44
95015,Calamar,GUAVIARE,27.96,15.15,48.93,0.19,50.39,1.07,17.87
95025,El Retorno,GUAVIARE,18.94,17.18,22.03,0.11,22.11,0.11,18.45
95200,Miraflores,GUAVIARE,7,0.08,13.33,0.04,12.09,0.17,14.89
97001,Mitú,VAUPES,96.67,88.48,98.79,0.61,91.31,2.83,24.48
97161,Caruru,VAUPES,85.71,82.86,85.71,0,85.71,8.57,29.2
97666,Taraira,VAUPES,84.04,84.04,94.68,0,88.3,3.19,23.16
99001,Puerto Carreño,VICHADA,75.24,1.25,80.54,0.25,73.4,4.52,19.56
99524,La Primavera,VICHADA,52.39,0,54.37,0,45.41,0.09,18.67
99624,Santa Rosalía,VICHADA,63.27,0.13,68.88,0,55.36,0.13,19.89
99773,Cumaribo,VICHADA,29.09,12.08,29.21,0.06,29.44,0.18,21.44
